Emissions per kilogram,Emissions per 1000 kilocalories,Emissions per 100 grams of protein,Emissions per 100 grams of fat,Land use per kilogram,Land use per 1000 kilocalories,Land use per 100 grams of protein,Land use per 100 grams of fat,Eutrophication per kilogram,Eutrophication per 1000 kilocalories,Eutrophication per 100 grams of protein,Eutrophication per 100 grams of fat,Water scarcity per kilogram,Water scarcity per 1000 kilocalories,Water scarcity per 100 grams of protein,Water scarcity per 100 grams of fat,Water withdrawals per kilogram,Water withdrawals per 1000 kilocalories,Water withdrawals per 100 grams of protein,Water withdrawals per 100 grams of fat,,Year,biodiversity_kg,biodiversity_1000kcal,biodiversity_100gprotein,biodiversity_100gfat
0.48868986875,0.31733795964835000,0.8785246123863310,2.424208527021970,0.811485184375,0.6011523725476730,1.5776874615262300,3.065765692474230,1.633119746875,1.1568009248561600,3.089779887912350,6.86298105030398,1891.148529625,1417.8128222189300,3746.103485294560,7464.549375001740,49.402841640625,37.87327714680770,98.98496816205070,181.8030389227350,Cerveza inglesa,2022,19.94479041875,15.570546093214700,39.86199505584890,62.666330946200000
0.3870113076923080,0.06726478497993200,0.20759935280408800,0.0791032334894258,7.683045153846150,1.2968698546443200,3.6084332883635500,1.495296741659080,18.723074738461500,3.165000479196380,8.754301324241740,3.651263041038780,402211.9607692310,67620.1427571786,182707.58528509000,77714.97029880610,6846.472596923080,1151.9538672209100,3125.971106299360,1324.7011092583500,Mantequilla de almendras,2022,252.78822138461500,42.62623473470380,117.24638657132800,49.10161408808200
0.6558875395161290,2.2222299975528000,13.595511965622200,4.057470177419110,1.3701058564516100,2.6750625971057300,12.687839328451100,4.60053028149088,4.1488755943548400,9.317069497487660,44.238944523798300,17.661514327172700,99916.41729459680,282550.644552112,1471678.8944151100,431118.0471773750,1246.9737829725800,2766.2581215345000,13432.324330324200,4286.672871905250,Leche de almendras,2022,50.40110767096770,99.76636740905720,477.1421386974360,190.7327969035500
0.6023678597222220,0.10502862720476500,0.32833498842522500,0.11936143425795900,8.230926805555560,1.4233757744363900,4.261039936791200,1.6101363879531200,18.59575452361110,3.2118900561844400,9.537691498486470,3.6394940886716800,372799.1010631940,64275.14954852300,188994.71790108200,72908.19607790210,6413.314596694450,1106.0642145054400,3258.0857331211000,1254.12411325783,Almendras,2022,261.7185010138890,45.213038485392800,134.3999133570130,51.43859283373580
0.45837840000000000,0.9551837119924710,29.152212256410300,19.754979485294100,0.66062946,1.3828390804615900,43.23215788461540,26.246742904411800,1.9116574100000000,3.7963684773779000,86.3212136051282,147.61472919117600,3286.8296165,6754.678597162990,177760.04540461500,199118.25813308800,122.318340205,245.72380859734200,6160.521064653850,8566.814616323530,jugo de manzana,2022,11.021175755000000,22.752032083455800,668.4270158538460,551.5743742647060
1.2449736986040200,0.41818179222285700,4.704171323715480,2.5854921310929000,1.7651649809258600,0.5973741370294770,6.471803882039040,3.819800460812730,6.619579523850230,2.0977765318025100,22.645553386157900,10.973712491672400,8193.821802142630,2607.8067266257900,28306.316032770000,15291.307594976100,396.3874492328510,123.50932930247600,1332.9830658836400,654.0484092461930,Tarta de manzana,2022,48.437329546348200,17.764296171007200,176.2883950296460,88.504053266111
0.5073538973544970,0.8981880142107920,13.442715878318300,25.59441044847310,0.6689985968253970,1.2050805620370400,18.667989525523300,36.38627733130390,1.2055796386243400,2.0480576058479700,32.20926993782640,59.33308322613810,2469.089299153440,4439.5934629492100,68408.60791670120,133059.53429268600,90.3342268005291,157.48879557562700,2530.7144981971400,4607.39116572202,manzanas,2022,10.900282013756600,18.706499115185500,294.4701014536080,553.1636423901880
1.3821050900000000,0.761619667788208,24.97261475984150,56.5861996222607,1.368510216666670,0.7694789971588810,24.387251689669000,60.947300426660100,11.446766741666700,6.730958337946770,200.27647748409300,501.5553436491290,24526.64768666670,14578.83890054650,412421.0197847590,1129828.6994668000,851.0487645500000,492.29612685583700,14911.832671569100,38160.83118765930,Mermelada de albaricoque,2022,46.48436817,26.15416502707540,828.8950117843300,2091.749371610310
0.9256918166666670,2.7912292251248000,3.853152283717560,16.707521276950300,1.4017694694444400,3.909719057026030,5.424796888373030,20.964724434106100,4.001619922222220,11.004208183177700,15.781751906437200,72.943770051146,25692.92859972220,81275.70124159670,108253.43401079000,419040.926532248,310.51426297222200,966.8926714987610,1299.8577038834700,5221.708745434590,Espárragos,2022,22.55513905,65.94105636336440,90.99448130704020,327.67658268402000
0.921227093548387,1.8537084481978500,4.984961745441380,11.067427565321100,1.2489312903225800,2.5133631030170200,6.758265297993170,15.006284667051800,2.671237738709680,5.3766513097538800,14.45480736249000,32.10367856280190,32696.893522580600,65694.89864314280,176920.21502976900,392048.9677042740,367.41429932258100,738.4760185227800,1988.0751158145500,4407.497414773880,Aguacates,2022,24.449101938709700,49.191411205352000,132.29890177091800,293.6837514324660
19.314209012302400,6.81860721620053,9.157924743550420,11.273880743846700,42.33222878321780,14.792840973233800,18.106126648094100,23.911078295616300,87.74693880857230,31.268546689940700,45.93934604737550,52.879308118034500,56859.519503844300,20370.427341332200,31351.377962734200,34730.648296290100,1649.7112903475900,588.2346114157520,912.0397239558190,991.9456369598490,Tocino,2022,461.2278506816400,163.6028373484700,214.70385993994100,274.5376736157260
0.8028126,0.3293892767769240,0.9596244074150670,3.741236266825300,2.26294722,0.9242060454469970,2.6635441790045200,10.173081122738500,6.05480783,2.468772936258440,7.160006859119950,26.747336047006500,7919.100246,3253.0223600612900,9362.186299456980,37483.71393215820,291.3505735,120.22650744232900,354.223717750508,1423.3212108903000,Bagels,2022,36.6227914,14.9061341025297,43.11985803767360,158.74255881242900
0.9956444215686280,0.38040424683808800,2.4432785908571100,3.9378584881810200,2.1990874039215700,0.8315524117905940,5.6523236657867200,9.670922260451250,8.172196696078430,3.0831672723994600,23.209576671419700,28.098339202689100,9360.781796862740,3635.078527383410,21363.78370694040,42659.39999345040,345.30773029215700,134.67566657383700,811.842475463909,1419.1463020693100,Junquillo,2022,42.102799403921600,15.545194596698300,122.44202438742100,138.57602123015100
1.8687873555555600,0.5566496529248530,4.6599296060103400,3.817582213395490,3.2725560444444400,1.0779049462570000,9.07980071225157,10.47580238113160,9.283215377777780,2.809070568453200,22.99371852951050,17.91301029804510,8368.774116666670,2299.5870428021500,18276.506397582200,5774.5206290607700,444.2256801111110,126.62031790407500,1010.1311981761900,463.08992783864400,pan de plátano,2022,236.77824066666700,79.0600662362377,690.1695842036930,900.9782641625410
0.8733495729166670,0.8758025795677760,7.7218685973831900,20.469220264989400,2.63982366875,2.717876609739360,22.821229231819600,64.90734150770930,3.4599889875,3.5152596885244000,30.18939327372770,83.5741961297098,331.91074433333300,397.917449540718,2751.259382471420,7773.015104376570,52.050779345833300,55.22902073007900,445.58586896982900,1266.9499883942800,Plátanos,2022,239.59559183333300,245.0715737455080,2076.873687815790,5890.950805690490
1.3733080129032300,0.8009634313043440,0.8869160533334790,10.30701385553910,17.068111412903200,8.869722831454640,10.424482030611000,130.7831783934510,10.768394025806500,7.608524294409760,7.686932909029670,77.59741620047850,0.6938741096774190,0.6384033075208810,0.5820876984698000,4.8122456995785000,0.08371493548387100,0.0770224613294071,0.07022806225724510,0.5805906765877320,Frijoles,2022,392.319445316129,164.84299471068100,218.0303543001550,3099.338565064500
53.97637075589630,21.905134246777700,28.806285722583700,32.719983306890500,135.34711651402600,54.56087394680080,71.22513152856870,83.27582524028610,553.3784039139910,228.5343311427830,303.96067133459900,325.6923945195820,74017.89145289210,30482.176941396000,40713.38596257210,43531.76767585820,3492.0811416001700,1441.4197508907600,1923.545976038800,2053.121732836530,Hamburguesa de carne,2022,1815.1688496407300,740.7209449221150,978.0776560845570,1089.9143310167800
17.36872478560910,10.618865930124400,22.80787441991290,17.35937380754490,35.401983177499000,21.610467309346100,46.424823796869200,35.179162615710700,252.92385493801300,154.36132445326700,331.647593987296,251.10744165703000,40380.566976034200,24767.855813148700,53135.79041913010,40984.164359980000,1800.8988631225200,1103.520935415750,2364.176686758200,1822.597349667100,Carne estofada,2022,665.4424127649560,405.9614149945660,872.164288589142,659.9605166255540
70.78747415036260,31.33869128388770,35.62042805061040,52.66181155443190,214.9953975422250,94.46301214419430,106.47239658483600,157.2802365760000,355.43232820236200,165.37377782359700,191.2107078032770,295.4870056359140,51943.57774983060,23894.358732566800,28481.77177854120,42206.90462760830,2227.9892438702200,1036.4477844960200,1224.9406454132700,1852.2095494436900,albóndigas de ternera,2022,1966.574378478230,880.4862123731130,1000.6188838846200,1503.2663389817300
95.0345722731625,47.33659810443530,53.11102612298260,80.58170719338670,295.25354433350500,147.16678126004200,162.9558672185660,250.17442723538300,428.6949991828500,213.1046418452910,259.07308655820400,368.2241143027830,56773.19692243630,28257.661411509300,34461.75685365740,48887.08367976550,2493.946114362600,1239.7288036559300,1525.3502833507600,2146.7305325726100,Carne picada,2022,2594.2117713833000,1292.8874467052900,1471.263992974170,2209.8040962232300
2.290114275,1.5101108935838000,5.581412401100870,8.829625530463830,4.0816445,2.610892944819060,9.421015672571600,15.730561894102400,14.948793250000000,8.609661913709830,32.885392774370100,46.36279946597750,12893.176955000000,9531.587650241510,30865.32419303990,68199.51453507460,363.200418,259.9858064124290,856.2588013607510,1821.1845626345800,Fideos con carne,2022,88.5674305,50.92895221274410,212.42183566923700,222.99188861392300
129.74771482600100,68.09595353536970,64.19039099780280,146.1078698644870,427.33112598330500,223.6901353947560,211.3812045454090,478.80371708892800,360.72879492926000,195.5239466122890,178.963844312358,429.9004092448420,48932.71274894280,26479.39371147690,24263.675429156500,58382.973594971400,1954.3529841239400,1066.1735938545300,969.81176473693,2360.4809465054900,Filete de ternera,2022,3312.2547295102000,1745.6092507192300,1639.8139112201000,3754.2175866707300
0.6862832217391300,0.6064715790097620,1.5092458152693900,4.455619950275920,0.827887302173913,0.7663289670192430,2.0697131048990000,4.62517315504598,2.821157540217390,2.657605146154410,7.8304094094612000,20.60988284779710,2643.6401333565200,2433.325303661160,8044.444293482480,19911.113553148100,122.41636800217400,117.13307481985600,352.0210258809250,942.63142494373,Cerveza,2022,20.20919089673910,21.09843533479070,53.76677436023790,94.5094078881134
2.6582406426355500,8.469677269729210,17.312857410299900,70.77283563937560,4.093929838632000,12.63204254540460,26.95975460472930,108.99289384583900,8.856975535143320,19.5354440839091,55.95189852997730,250.41271386785500,292.20701918526600,1107.943326706260,1970.6936937383900,7588.115919181660,11.212597088011500,38.91831006430890,77.40873729511110,293.0403108298830,Raíz de remolacha,2022,29.68230054238540,117.43041425016700,197.54844773125400,752.6284280088910
3.989250537349400,1.127221384278310,7.426507901843630,5.5310224713652300,7.879322971084340,2.1670784648248100,12.445658161594500,9.838744961606440,14.221803943373500,4.149789247814430,31.215946238595200,24.32589162840640,8143.742320843370,2464.747076483310,19577.01598118410,16270.988989597800,481.1757315903610,146.24950253487900,1245.0707133673800,952.2273162008150,Galletas,2022,637.941768139759,179.16200621561300,1026.1614982904200,849.354376324094
20.10575330625,6.113388551472670,14.046816705106600,7.243053521102260,23.8921457,7.249884407899290,16.39538959417540,8.581762034751630,67.501392575,20.566972363518500,46.87663647758160,24.404179167114500,39276.251266875,11967.245680361600,27258.697872390800,14189.09226796640,1895.34902125,576.4326347444370,1307.558917746780,682.6627801829190,Queso azul,2022,1346.02519118125,406.5634841585720,903.8613194867000,479.95399108681800
2.513051435714290,0.3771208666766040,1.6930131757387400,0.38064139590384400,12.810535014285700,1.9210967061669800,8.667032013578530,1.9342318330597900,19.62164854285710,2.9412058898000100,13.307774827770900,2.9568526285758000,145555.7416642860,21763.596883114600,100169.45168187100,21685.659737419300,3270.798559285710,489.50818622902200,2239.1018813554900,489.3536221363180,nueces de Brasil,2022,271.9281091428570,40.760127331185200,184.46161760772100,40.97307336227980
0.8787608464606180,0.40706247180859200,1.437228787911020,3.5813928280448400,2.2412011,0.943430830624366,2.858783696086260,8.361917507108230,6.022548687936190,2.56355124045379,8.810068764071030,20.63159725370240,7726.0167181633100,3292.2233054993,10956.289196538400,29734.788217230000,241.91359511754700,103.08470461610800,376.1614743383910,871.0520882068430,Pan,2022,35.43349095682950,14.827186543916900,47.9137137709635,114.69125596762300
1.4934272760956200,0.42017412618302300,1.7628456844261500,8.781947927162850,2.895190374501990,0.8234222256098250,3.19354566847624,15.189283932444500,9.509492901992030,2.6749884158118800,11.127420667312600,52.67987597559930,12400.22195037970,3468.999379977920,14566.474305351700,71238.09758235440,502.1027319211160,139.34603377916100,611.3865303490350,2945.777397417180,Cereales para el desayuno,2022,42.64860487450200,12.014574363077900,46.61314148552600,186.9278405029910
19.139581434146300,5.702704380795170,10.609649058019400,6.686894434987670,22.454388370731700,6.681748455133610,12.449595302754800,7.8277180334152700,64.27110320243900,19.137158372084200,35.61270188908050,22.43541228304980,36540.89867902440,10868.767498386300,20283.50397613070,12730.735372635100,1765.5485732682900,525.0151141969680,979.1953352081270,614.8744023666610,queso Brie,2022,1232.3866774390200,366.30988422345100,683.4346118968970,428.6840095800600
0.8974015212121210,2.690971954149260,3.026363568919060,20.262075762728500,1.003502265151520,3.074312466734380,3.371838615885290,22.210698636324300,5.100618483333330,14.90245751645990,17.28360880725970,117.9252309034270,15385.286315757600,49658.75533239340,51180.453473421100,322882.7575039100,224.90420093939400,704.7861236514710,752.445954206452,4867.392997168340,Brócoli,2022,10.560742572727300,34.031177780624500,35.152258177039200,222.06242854215800
3.3245031830065400,1.1653931435124700,47.81615088092290,1.414657421406270,3.6197967470588200,1.250473726187290,53.342141536243100,1.5006282779148900,10.512020058823500,3.650213005969440,153.59199167101700,4.416498843111350,6142.515251764710,2150.2589413596300,89685.64584074290,2575.1943910478700,271.5578883601310,96.55754973533420,3912.354948268370,116.93215540484700,Manteca,2022,167.9828210124180,57.610391812996900,2466.825366826110,69.04693148782770
0.8902840710144930,3.048956288035070,4.765884009022170,23.659663201163500,0.8027023246376810,2.749644368945770,4.301834424587330,21.318725928274700,6.198975268115940,21.22937367121360,33.154082911982100,164.9800351743230,4601.958170434780,15761.801901380700,24582.037273715300,122417.56637784500,131.3118252753620,449.60660320989700,703.1527710433970,3485.9391297140800,Repollo,2022,3.3601775739130400,11.509914608773700,17.965350116546100,89.28549779006470
2.0791893426509600,1.4961306001697600,6.448219922964000,1.8906696043266700,2.7510760230856200,2.007637198545880,8.636540231325260,2.538198310488310,7.299736039928150,5.2293460422519700,22.080215892907000,6.612197366347650,10911.911533061000,8148.632359649250,35263.018582457100,10311.129908576700,305.7663358366560,222.98348219497200,953.0667008255040,281.74812766550700,ensalada César,2022,88.8596891107501,65.02641074120950,283.1417167177950,82.20437056466480
16.2814304627907,5.171893305925410,10.084931471686200,6.73105429390704,19.044357379069800,5.992492098647480,11.663422511733600,7.744434961391380,55.35831801627910,17.487448696676200,34.026773147924100,22.672184376567300,31867.99088069770,10104.699539959200,19583.286714864000,13079.800761944800,1529.7198416744200,483.9803147359840,941.7514327057760,625.2490264543980,queso Camembert,2022,1035.3337042581400,322.4237230317790,627.4041555316630,412.96482213973500
2.0107220066666700,0.6438837663264850,4.554509085099750,1.421485177502490,2.7843686,0.8607057502560950,6.360088996294180,1.8869429050269400,9.993259126666670,3.0467310507062100,23.256712821174600,6.698021721635150,9749.652841333330,2857.9749360695000,23070.802400404900,6252.271584173290,516.9922559333330,151.3920565325340,1234.984851506550,332.0195941325020,Pastel de zanahoria,2022,92.21142044000000,30.386025258151400,203.94140577838400,67.07570416514560
0.935163376,2.3336180710159600,11.999533704336200,22.46293780312440,1.601823487,4.012169393136000,20.92524076552970,38.89494467738510,5.891146026,14.667591436335500,76.5185140540192,142.4493763991480,771.3227740400000,2399.7238370029800,3773.6579334640000,11866.37210829130,14.929848171,42.84397550921490,102.82635708979100,265.5807469057640,Zanahorias,2022,2.833339492,7.53626017061889,31.6391343507117,63.53023510106040
2.087644250617280,0.3733291135733050,1.1962007268002400,0.6246074479527190,11.720881622222200,2.0528331609869200,6.789955119247050,2.730990573410220,19.293233460493800,3.387345740016960,11.318479083008300,4.724063309936690,163311.31540802500,28334.141077023800,102121.61172248300,34781.02580027610,3504.3436417283900,610.5471307440920,2147.024718236170,781.4405154636480,Anacardos,2022,259.75648138271600,45.2331466258844,152.27172013936500,56.305850880617100
0.8917262454545460,2.5954924768123400,3.564387656850860,20.874903383818200,0.788343706060606,2.2795007181621300,3.131152530959710,18.522316478107700,5.936602212121210,17.275053616583400,23.424405001093000,143.54536958556400,5347.111227272730,15631.520986921100,22094.300108751300,115391.3879648200,136.93994,400.1072082635630,553.5520004919860,3136.7550585127900,Coliflor,2022,3.7365908060606100,10.608323487081600,15.125998238455100,80.86212061725620
2.8533841636861300,0.7294720490024570,4.124268333648240,2.1248401227110100,5.560588325729930,1.3694840667446200,7.421705583393560,3.667010685764890,13.805816670985400,3.4532813105271600,19.646895462015200,9.777549077842030,27611.289422481800,6389.844902253530,27637.967495650600,14292.053451388700,843.372939739051,200.0664715360010,969.4123218375460,505.6793036741810,Barras de cereal,2022,337.8495773731750,85.40177818410330,494.67379280127000,221.07489643730400
20.749044536747000,5.406193335076910,8.721144037104240,6.6932391533076,24.451037122891600,6.353025569040150,11.78391503166750,7.830015909519930,70.27357376686750,18.26215644398350,30.377834075107700,22.532187292511600,40220.710785301200,10459.213056326900,17879.871274501500,12913.812436102900,1939.9132574939800,503.84256726070700,858.1629353981520,621.0021863025790,Queso cheddar,2022,1337.911150614460,346.3850774806560,583.1030219793650,425.36490252553200
2.3693018444444400,0.6994294790405280,5.2274033664021200,1.173479847877730,2.5869832000000000,0.7646345222459420,5.731916878306880,1.28229738978115,10.019227033333300,2.9681343021286800,22.37266620039680,4.973430943032160,9076.589122222220,2682.3770378726100,20100.769884259300,4498.604665730620,460.784719,136.6615651219530,1032.9480407738100,228.89501675288200,Tarta de queso,2022,94.59679886666670,27.977684376379400,210.05050593254000,46.90788135235000
2.26636,12.173430351437100,31.034528222855000,81.39739821110820,0.930353076923077,4.845475020747500,12.59377632138860,32.925504979161900,6.075514615384620,32.549354584984100,83.07805734922810,218.25718893471700,7488.009862307690,29391.25172435900,92308.44478163420,232350.63728805000,318.56528153846200,1599.887343807780,4255.945676208770,11077.04486658720,tomates cherry,2022,7.743123076923080,34.395440350342900,99.15351990536970,254.513194811401
1.2205535,0.34137155147338500,0.6259248717948720,0.4588546992481200,3.4277066,0.9586810574362880,1.7577982564102600,1.2886115037594000,5.994779433333330,1.6766550224121600,3.074245863247860,2.253676478696740,7534.34843,2107.2506964177800,3863.768425641030,2832.461815789470,210.90354533333300,58.986738788326300,108.15566427350400,79.28704711779450,semillas de chia,2022,104.987747,29.363587977983100,53.83987025641030,39.46907781954890
9.272323308164040,5.830486358892780,4.518433533857140,27.71628968736350,9.220958918499810,5.796038812253910,4.4937103817580700,27.51873676972890,37.36047302660440,23.49228853342010,18.205800819998700,111.6232756593560,13741.15923364840,8604.895943553040,6694.6260793661400,40700.25142603040,563.9170655206420,353.01538874603300,274.17101242000900,1657.5676622529900,Pechuga de pollo,2022,231.86592542857800,145.43136443034700,112.770992412882,685.6313669762160
5.434486845554160,2.329614781812190,3.661769616806230,4.582127948107730,6.053407499572320,2.560246276939890,4.219892702001380,5.09069129369643,22.52574303071910,9.611961763660210,15.362177992089000,18.973671919275200,9788.142590023820,4050.582589668940,7188.043341324260,8177.082840985850,379.126194083144,157.41709659753700,276.8002661036690,316.170463081655,Hamburguesa de pollo,2022,146.26856701081100,61.90498918966650,101.81640183475600,122.93247752603200
3.6165459862088000,2.6634853762254600,4.886865520346880,7.492870606544340,3.9776682906010200,2.9400736573061100,5.434151755839330,8.50443240636471,17.291542631529400,12.755645805850800,23.602278072628500,37.14049615671120,11147.176674665800,8064.66306698713,15602.012607090300,25467.80900097370,436.1916329416940,316.9403103057690,609.8383282109840,1001.4315238654300,pollo al curry,2022,94.06471328683500,69.81458670296360,128.02685082468700,200.3821679276490
2.383995704574980,1.9509335254464500,5.473897768243710,11.462512199443700,3.3128930338534400,2.8013678271446000,7.717002753890170,15.845423007394400,11.324383145388800,9.54764904563802,26.32020375000400,60.106340118754500,11734.065707382000,10243.176211111100,28672.15680120560,77703.80856272410,413.2280333568970,352.268035829455,1016.442238544130,2932.776544765970,Fideos de pollo,2022,73.53329072388130,57.720686071592200,171.76125719213000,301.6426979406140
2.946764556691820,1.900545719442840,4.192450586636030,6.75355452295657,3.575445120352260,2.3060308638444000,5.196159859611760,8.192570809584820,12.371862595624600,7.959200140391830,17.705496217030800,28.239968213696300,10478.902281829200,6856.732821559480,16280.17478057750,25795.544291567900,309.9990519096520,202.5102641094260,466.6263902831000,755.2238778342720,Pasta de pollo,2022,86.28702792037770,55.86160977963810,123.51250767575600,187.03232678507500
8.164302485896090,4.0201546587185700,5.4008811512111200,6.917650302634830,8.330555240951940,4.0744704082958600,5.523112878095600,6.9766562839574600,34.34878473681310,16.71047202631080,22.78661243541660,28.607038648835200,11978.280659897100,5656.342491749180,7956.567821286950,9736.634986948490,483.11358608255600,233.9368951055450,318.77685971427300,407.78647263041800,Salchichas de pollo,2022,202.46551339382300,99.7089121853786,134.01072097050400,171.475172496827
9.98188130190233,5.095226685425630,5.344500901539100,7.672648371449600,9.851753858004280,5.02346705210131,5.270619724408400,7.568748982435270,39.868212807611300,20.3270750706408,21.319942771513500,30.629364016957800,14026.462965891400,7180.760486243420,7525.07240398093,10792.519547952300,577.2318275568120,294.4683031323760,308.2576931360960,443.2593375346220,Muslos de pollo,2022,243.8842135924610,124.36948805294100,130.488933074242,187.37224198612800
9.583456219515730,4.650310689715050,5.105153328179600,6.969776841112890,9.506969856553160,4.613540501633130,5.06385996130708,6.938754983769290,39.0156261054794,18.93583153410800,20.781872303879300,28.53812899456050,15450.919568777100,7500.730315978380,8188.66195595362,11428.463869551500,631.833950726057,306.878959323947,335.46207441765400,470.11703084748800,Alitas de pollo,2022,235.57610840626000,114.31531120805600,125.60554284171300,171.639263605101
1.3443528666666700,0.594860302173495,0.9636010316096900,5.1334097798562400,15.565608055555600,5.913544399366400,9.259367581935130,46.305731385344200,9.684822133333330,4.907358390397100,7.933875909510380,49.47773350409610,9747.767148888890,5616.60146912132,8600.363963975040,89102.6407824105,161.38535833333300,98.91087092411950,161.72276649442800,1299.1365920809100,garbanzos,2022,391.9651221777780,134.05787992541000,205.81895288817000,906.0135352946640
13.54080492,7.844402601403480,17.688434286739100,13.00545849037700,28.30468467,16.3987914362589,36.97519187697690,27.188393282377400,189.0300262,109.51788526241800,246.93358095047500,181.57866076160900,27501.470050000000,15930.919911440800,35924.09432529060,26413.177049971600,1255.103151,727.0945555326960,1639.516161288500,1205.521106612400,Chile con carne,2022,703.0622407000000,407.31878530609000,918.4240447063310,675.3056100400040
5.083679001818180,1.2174627505782800,10.344353413498700,4.413773874796560,13.565422218484800,3.0126194473613900,18.13228033635740,8.399433966821640,16.129481400909100,3.5861140850102900,33.29236453831710,9.938240667988490,8165.851644251520,1862.2891888070100,18969.19121170690,5601.345875402170,524.2583563018180,117.41256586555000,1231.6297464249800,325.64559980989500,Galletas de chocolate,2022,1069.262621170610,227.0822729575440,1739.3762701173500,534.1322265296980
3.9521178780487800,0.9775200806317560,8.993387408316830,2.1153639997033400,10.330807592682900,2.6524752095780100,17.389616401689100,6.996937429743140,13.71324611707320,3.387130733709500,31.06955837979560,7.38524510894593,8974.30203804878,2203.6082277947100,20702.771798713200,4777.160975699910,523.0234054121950,128.1385057440560,1231.1509728828600,274.9655045895110,Pastel de chocolate,2022,772.9466611219510,193.35542299657800,1616.4833390434300,446.97591926294000
2.8776255585585600,0.9363359859588570,3.623837567776120,5.371016772607820,7.379762667567570,2.104914788336180,6.580002379886510,9.968182838463400,13.323705987387400,4.012918810165690,16.704433246718500,23.752745152302800,30695.354600144100,7256.624994671770,30207.710343406500,29627.56617381950,899.7228275630630,231.92162166718800,1017.1100156380500,1257.4840254543200,Cereales de chocolate,2022,416.4275242054050,121.28992080977600,428.4619003549620,646.0971698838520
4.900423833333330,1.1986274484312000,10.409508432854600,1.922301697455840,6.511175266666670,1.5926345348460000,13.83079458100280,2.554225922459890,14.9477962,3.65559833437228,31.75944683396320,5.861787894587590,7357.200605555560,1801.143915930000,15608.346165029000,2891.0177473937200,483.7444498888890,118.24443245676600,1028.541050244390,189.51638615567400,Tarta de queso con chocolate,2022,802.4572478888890,196.20517734547400,1705.4947802418700,314.5531923094580
5.372300393750000,1.0526303750452900,11.484528231177700,2.3375773663808300,9.384214210714290,1.8203832505910000,18.563998510396200,3.7756466947648900,22.957090943750000,4.495631457847480,47.2088679099265,9.535229765839710,42638.17254714290,7685.7836079759900,45000.686004624800,11074.892278077400,1215.291286044640,228.0066183677780,1837.0219702775600,417.69066340411,Crema de chocolate,2022,970.6083327946430,190.75952545236300,2058.127263361600,424.68520783462500
1.0816328666666700,1.9411761204320100,22.144875612458300,45.2987460892325,0.9052926666666670,1.7846440603166500,22.136327758037700,42.771433950097400,3.1870563571428600,5.1724085548365200,94.37155181218780,174.5841773094040,12617.803884285700,31025.677112087200,147436.81066313900,362155.0632425320,242.7138398095240,462.3508771061410,6203.680308261430,11852.779123166200,Sidra,2022,18.940444861904800,35.71638723462340,488.2216027313380,943.5837428069010
3.319989781818180,12.84869178548550,257.2938573776370,28.26873119101210,0.5452690261363640,2.216620935050420,32.73874939029540,4.415864478464020,2.1156408420454500,7.970788189069600,115.7616882763710,16.20945460746640,14423.40927715910,55484.54148685780,1075035.0748154000,120974.34171593800,217.22635669204500,820.3220676452460,13835.709486962000,1734.2877513842200,Leche de coco,2022,11.464372331818200,46.26581870958610,676.6070556888190,92.11031989042310
0.5287412809523810,0.33900652221530400,9.821965839913800,4.106947043682290,0.7344970952380950,0.42718744321668400,14.175495540723200,4.570064819075360,6.505340823809520,4.596931731792520,112.05623783123000,61.345661709700000,6763.57605952381,4759.137627020880,118453.52807185700,62971.2150089282,345.98976047619000,252.447704561703,5913.523194333090,3461.5588863284700,Aceite de coco,2022,17.98896105714290,12.05408519920940,320.4104226742290,152.70343987170900
10.904109307377000,8.560718955175790,7.087446235181640,74.48578126055590,5.267857300819670,3.9747253682888300,3.5189764622738500,32.13908423692160,52.70093528852460,40.97479224860780,34.43376082220330,353.2227754755640,32541.33183688530,25406.29379721100,21238.96840308750,217929.32419180500,3177.8124941803300,2504.3133202954100,2064.675262632410,21836.049641692400,Bacalao,2022,119.72565470000000,89.17627282791710,80.30893421804130,705.8262796591250
9.313181566197180,4.70109009673463,6.94960278522001,11.20545277342780,5.416457632394370,2.7060164484471000,4.075832812426890,6.432550815387060,45.618895073239400,22.984572144761500,34.121094289110900,54.7427212453061,27708.404097183100,14000.199356173800,20642.02215109970,33386.03566833760,2659.0960298591600,1348.0812499859600,1976.7482077225100,3213.5383041928700,palitos de bacalao,2022,116.3097758140850,58.35477907167590,87.6586278498415,137.14636493344800
7.815675108333330,5.021886332451260,6.541612219598150,12.267605462414800,3.808557858333330,2.383747887701250,3.272294071448460,5.796481513961150,37.392831225000000,24.10185243012940,31.21588684726340,59.03519188854370,25225.575683333300,16087.206143790500,21364.77874620070,39339.05295078470,2213.3982791666700,1426.0275295363500,1850.4714982631500,3473.968562403610,Tortitas de bacalao,2022,84.70076410833340,52.85271071400730,72.77036346465660,128.00520999916500
16.824608285840700,147.12653523566300,80.78679566632930,484.2410624840440,19.39196396017700,96.0665264311259,55.552770961310300,326.3770235301290,65.44088258141590,559.6079770830740,307.7121721984060,1843.9317705466500,229.09858632743400,2081.1102210934400,1139.801140861240,6838.625176309200,16.213425538938100,147.23712151735900,80.64149150078390,483.8357666814900,Granos de café,2022,2401.33578680531,19686.626091049600,10861.381966188100,64967.34603226690
20.299763557894700,167.07753943401300,153.46469035900100,537.9404928467850,13.771382379605300,106.97450934026200,104.6217613832860,343.65377424791000,76.7912479256579,633.511276512943,589.0026385731800,2038.5896973632800,2873.8087577763200,7639.36265978471,41818.1066418577,18631.087283478600,199.54930151578900,562.8196734270130,3229.996393689060,1402.1380228496300,Monodosis de cafe,2022,2637.3527862105300,22158.037260852700,19230.152281961000,71625.99548075760
3.3572777805192300,0.7698623027140270,7.480966464534530,2.258581502669660,7.1841136765092600,1.6253862106562300,12.931059913035700,4.648645641098840,14.74036539438250,3.479943912441950,34.10258290467870,11.718888148631900,14563.952825779600,3495.3147214030300,33832.642629581500,12384.824307369000,765.9077675918890,181.21071610608400,1843.9788102404900,613.4680986597840,Galletas,2022,461.15587556726400,104.00440431261600,917.4097990138490,285.00284036779100
25.278503140540500,29.346968292364900,22.337566082270000,244.47797269689000,29.91505998918920,34.69433735316730,26.410036153515700,288.28947925451500,85.78630901891890,99.6876302622627,76.01481521938860,830.1219128912010,49595.30732972970,57659.88218189060,43951.59820145470,479632.1463842190,2418.437820810810,2811.564825287030,2145.792646901750,23317.381954764500,Requesón,2022,1657.886035,1919.381579376760,1461.0118855244600,15800.25344728910
11.851271288888900,9.550542030431750,21.977756508519500,19.02055779805300,24.564192800000000,19.82043561854200,45.582553565566000,39.525736909960100,173.7045951111110,140.25962564241600,322.453006615254,279.9424311340160,22821.1221,18390.394294978000,42320.73121451700,36625.052951642700,1100.1531733333300,887.0038863186290,2040.7031306264800,1767.3877776253100,pastel de cabaña,2022,465.98592877777800,375.68575413439100,864.3489920032520,748.4584245606100
0.846479423076923,3.2540149479082600,4.4998128715943400,16.354527351676600,1.2674798173076900,4.761213352696600,6.560221394297850,24.104360698044800,2.9427011596153800,11.23674883880690,15.359895584024300,56.850427927625400,27733.458076903800,107680.21463642100,149397.28450925800,538835.6256548720,322.9623508846150,1243.2310584005300,1723.210048523810,6239.232720457390,calabacines,2022,22.650903076923100,86.52188297928750,119.61127831512500,435.1218648540220
1.1579787751631000,0.8528795102303500,2.243638167735640,11.950850085033500,2.951479593207870,2.083871621314360,5.475134335903670,33.279610011300500,6.147697419967890,4.333451553492140,11.445688167265300,67.26504774489190,13862.811205845700,13338.66005192450,31802.680308270000,161541.74285555700,333.85393095861000,265.07198887154700,668.2389709616870,3664.23708114103,cuscús,2022,38.037013447807300,27.057208008754700,72.4497742992266,387.7207352331180
3.703236627327330,7.1335065822847800,10.883788388722100,17.611815203539900,4.06814125945946,7.76786552128058,14.562372149054000,18.659429145588000,11.470646796997000,22.076967533243100,34.45938211067780,54.35419241111690,6564.578481351350,12606.919291866000,20734.32727103390,30834.422052777500,309.7745958618620,594.8726408370910,973.6460773597040,1455.6338669382400,Leche de vaca,2022,181.51828610210200,348.5832390712600,577.8170135462710,851.9850324262360
2.4484662921875,0.5914839902756010,2.917729656659780,4.349617875146260,4.458004853125,1.0610498815051400,5.088896697627370,7.170919520311870,13.9996352453125,3.427779974748180,16.5413100465911,26.764078109301700,18728.168233953900,4727.206053000030,21897.108123642200,43323.160539616400,787.9183487093750,197.66473238780400,959.9751304495110,1768.1027593860300,galletas saladas,2022,132.85888968125,30.255475595517300,172.88200980202900,142.11418474017400
3.0317244478740200,0.8152002811007390,4.163390665466630,4.210433823577180,7.5259483060629900,1.96785719671322,9.331719898579800,8.975822791717880,32.28633896212600,8.818890105644570,40.103993617306800,38.181796535712700,11529.829115176400,3237.490824727620,17031.712541553500,30059.494987113700,420.95062989464600,117.66540000953500,647.8891268715490,982.486185110011,Patatas fritas,2022,192.36387075574800,48.37304929630940,266.5972539676020,185.61329474679600
1.6822277803614700,0.39842818505649800,3.5737688451006000,0.703665125807392,3.670050556025580,0.8795282025442870,6.8356797819893400,1.6168505097110400,9.591091510877710,2.306043182383250,17.968644959333800,4.181861455398170,9674.86021421196,2291.711031855090,15889.083787325200,4145.997393387890,366.33673380059200,87.60123853881640,631.9371433966400,159.56346236128300,croissants,2022,112.75074561172100,27.0786245255013,224.1796516055180,49.6134416283606
0.8471137361163820,4.115565019829920,7.338881910721150,22.65742083129420,1.080248658570530,5.3918939521237200,9.537908527536960,29.53106349111160,2.508988135357370,12.102295941068200,21.631090157767400,66.75659312804230,27682.78065612850,137648.28333908800,243094.25557220100,752357.2844456930,318.78141130044300,1572.4309333971000,2784.7570761053000,8614.223013566270,Pepino,2022,20.765439953194200,104.57371956683400,184.23580706345600,571.834827794391
1.9761740150000000,0.5155037698196620,9.88942896652538,0.6740413763396950,4.213885965,0.9746453012397180,18.55447566730360,1.2367901650147300,11.73218946,2.998924920377860,113.17020512501900,3.8018098092915200,68787.90944,12868.93861659070,163563.98471845800,15561.78320463280,1416.94984495,286.2425817256700,6423.274306150070,349.3937018688150,Queso sin lácteos,2022,164.180779465,38.893653548698500,409.9750103168800,50.369071925585400
2.4511965433333300,1.3503767324916700,17.79560628596030,4.2802150741396500,3.487246816666670,1.9636436199758500,25.492887663922100,6.4415970939970900,8.904248580000000,5.480431913093980,70.96918282113620,19.00563044955900,8127.093552333330,5346.89707012899,79176.83276247000,16160.36212367920,407.8971621333330,266.97821574638300,3608.633828284020,940.9247301885410,Helado sin lácteos,2022,449.38391907333300,232.87690549438600,3057.723293625690,712.441252408246
20.62003664137930,3.6915178413637900,26.65550272769790,4.471022850536170,48.788232653448300,9.642099515448360,53.56111369971470,18.080407235281600,41.64075582068970,7.5359309592914400,53.07872833071200,9.693363663437520,3196.4791863103400,583.9581696481390,4121.85847651359,777.1320454234560,301.4868316448280,54.86074972019710,393.42103944263000,71.34648220265370,Chocolate negro,2022,5400.690730344830,987.8024028623360,6756.460583884120,1344.5411085353900
2.199664934458110,0.5851883933921240,3.8863472686286100,1.9317055624085800,3.038467878525880,0.8069338626034460,5.392462870324240,2.8294954093570000,7.435008776427130,2.000943847522810,13.137721147505000,7.844453698603280,6221.497015971320,1731.4968947186400,11136.15591532960,8449.158468984990,252.75561714438600,70.15148036089490,452.17632950603700,359.2150645611380,donas,2022,262.60302840301700,66.95610952084170,465.24100335920900,144.65895647531100
1.3815115279411800,0.885474538535494,2.9010540233255300,11.837024235705500,2.9990484029411800,1.9823105899194700,5.939931866262200,29.739904100262200,8.33485838382353,6.064219685629780,17.758364431326400,80.80616699245100,9421.295975955880,6476.630230423420,19979.417777899600,109089.00465458700,273.119589775,199.9619923951620,620.2662390623050,3254.9014730952800,Fideos de huevo,2022,63.57328689852940,36.24774391308940,114.70423044458300,420.53045544816300
4.436600070403590,2.7650863317201500,3.143944729907420,3.9599051325966100,6.824728514798210,4.365401504893750,5.0726664507752200,6.293575669743550,19.98266117085200,12.878897175404900,14.83677185950120,18.53576512051330,29742.158764574000,20686.49470179940,22735.958897656100,29928.51348747570,830.0307519085200,560.0402699850650,621.6855903627730,807.9552647311730,Huevos,2022,126.6135099811660,61.54267073074510,76.66503216476890,86.23148197019170
1.098106175,0.5128938512804740,1.3797814228631700,1.0453505968158700,6.5675244875,3.1446144841507500,8.339008050749650,6.107914222722210,12.311576100000000,5.520099231320160,15.616010410905800,10.7405277713933,4303.70192875,1954.2707328072100,5245.226165564590,4998.091538748470,81.75136895,37.01925886528290,104.17066905787100,98.68659288143230,falafel,2022,73.0010303625,31.919554508837100,92.31955840859550,61.67477252083670
14.838609167741900,5.042113494137810,8.418577641977480,5.9843984452917800,17.472120806451600,5.934871858645120,9.90700191169016,7.04467882128925,50.18991671935480,17.058971478910000,28.475712789487000,20.249634501384600,28194.19296661610,9585.429693883820,16011.340546140600,11372.034375166900,1366.755041829030,464.62697772308000,776.0994023671350,551.1968145587920,Queso feta,2022,960.3596110387100,325.90604137348600,543.8299292792270,386.9235631657570
1.9476826133333300,0.44421693798141700,3.723422701015400,0.9381995505795540,3.9942669483333300,0.9092736977884230,7.593092382872120,1.915274786376260,11.800425521666700,2.6978720692756000,22.5526719501202,5.763323687145340,8508.627858666670,1956.6803716728300,18199.09664777270,4159.802140216340,473.4238545166670,108.51442963300800,907.5641403384460,234.12263115740700,Flapjack,2022,119.82209052833300,27.209095718202400,211.85340107929400,57.90651295913050
0.7534718473684210,0.5310242993242190,3.8221193319108100,3.244333340609100,2.105976590789470,1.455529837609090,10.762101564069700,8.036323323640700,9.52157812631579,6.518773197516440,48.44670764241620,32.3231978699996,1796.4606835151300,1324.6438301110700,8958.983057291140,17743.354630815700,49.58995175394740,35.11073395808310,243.25274059550200,291.40878717292400,Chips congelados (papas fritas),2022,41.41088322039470,27.48389351310550,215.91442733535400,96.03899374276590
0.5175197588235290,0.644653518188277,2.3039999298165700,18.453430851228600,1.1024362882352900,1.3743123527071900,4.888810137161790,39.538003695753400,4.566649652941180,5.679237321550990,20.606339407799200,159.81811145612400,874.7261677058820,1096.3438784715900,3717.759919790470,33152.53774968960,15.157336570588200,18.9700531769072,65.26980542099860,565.3516524139580,Patatas asadas congeladas,2022,10.497555858823500,13.189045108611500,44.524859941549300,400.2258107551810
0.8266427090909090,0.8713561515952550,4.204594479636790,2.9598884289565800,1.250121709090910,1.3160209805800200,6.369410455449520,4.495615889705830,4.916698245454550,5.168654477793690,25.053911330982300,17.698617711291100,1349.0418352727300,1422.6990911676100,6848.168500675590,4827.0194194793500,45.348681118181800,47.9590242482648,229.77033212579500,161.24593125361500,Puré de patatas congelado,2022,23.68078270909090,25.099911748568300,120.32089236988000,84.43723069800010
0.7711746933333330,0.3002176512543360,1.8919465784150000,0.6180786662888730,2.103162206666670,0.8027106679180200,5.195846771058830,1.6509252930744100,8.195520646666670,3.1279724286514400,20.371756222569100,6.428285709134170,3483.442973333330,1352.904871736950,8492.240879776520,2784.91062559434,87.99821924666670,34.10147404689990,214.56054610541300,70.22354349660210,Aros de cebolla congelados,2022,49.43879235333330,18.74568189908340,122.28439650668200,38.65858915559390
0.66477544,0.48001977137115600,3.096824045497500,4.353587408336520,1.68886116,1.2163008763764100,7.897628582095680,9.015119755468510,7.2823608533333300,5.258853018337540,34.104614599137200,40.28911222476590,1512.0090567333300,1102.612054209320,6853.923425250900,14102.791762596700,34.65756647333330,25.38850526715970,156.6247270417820,361.74949177788800,Gajos de patatas congeladas,2022,29.566167700000000,20.841906100321700,137.79924381582500,97.05883640995910
1.203417143902440,0.9455872584450330,5.078765938530470,3.754610669625050,2.443412731707320,1.9206786365440900,10.184158989787900,7.851872116339620,13.332376204878000,10.26416378577590,53.76576610300160,40.22536533585410,2611.2894863902400,2084.0678210070500,11198.887447318800,7981.454755307810,100.72029047561000,80.02046113499970,424.95133653092300,291.498313101814,Patatas asadas congeladas,2022,41.15115406585370,32.06605309836770,167.03975009858000,119.4939404332120
0.40988481764705900,0.2816726317058860,2.6419788892609900,0.6941941849924340,1.9676616235294100,1.3629672827035700,12.57939110738840,3.3354972771846800,6.744577435294120,4.634670505831720,43.49534181310050,11.423551908426000,8263.908129411770,5810.0355254123700,51987.17661428030,14027.796212638100,110.32078095294100,76.66988952021480,702.5888171762850,187.00046433339000,Batatas fritas congeladas,2022,43.03291073529410,29.62461998401360,277.1062497332760,72.89582031173560
3.452116065517240,0.9676893030022010,9.638522065317760,4.117100695680980,2.203406451724140,0.6070727594654370,5.857200928844300,2.3527641281601200,9.602413343103450,2.6568180448426100,26.068910554986100,10.5747116693706,14778.853921206900,4133.98401893324,41081.1154120643,17513.387187385100,551.0160840862070,153.336092430035,1526.66478227892,627.3928626225760,pastel de frutas,2022,55.917448520689600,15.453127206610500,151.50821834461300,60.94126503401850
1.6489147438016500,3.1023627310277300,44.78385739844030,31.115230739186900,1.2942647049586800,2.500552718205980,43.132967072357300,24.276348934088700,3.6714335892562000,7.016497420013510,112.95031174591900,69.80907639918680,5162.963915884300,10190.803671575400,146464.90381356800,76913.20106430880,172.43288664586800,335.83165179256400,5255.19262400547,2997.1891854849700,Batidos de fruta,2022,54.55111891033060,101.79943521442700,1766.2998758902000,1138.4451795074800
1.00383673125,0.912950793673248,1.216551188006180,13.524964425366300,6.60847461875,6.020375873570080,8.021190381761270,89.05312371565930,12.425872175000000,11.294505902166200,15.062710446906000,167.43192078754600,24784.79111875,23240.09115803330,30717.000906798600,334628.02053435000,346.7919445625,324.43575293912600,429.03268574770300,4681.323187284940,guisantes,2022,68.08511980625,62.422598495997300,83.06708072134170,917.9642707440480
19.312073018867900,6.2202507824856700,12.548149271371600,7.478561081531910,22.61793603962260,7.295756348323040,14.445830583300400,8.773460181733250,65.87334550188680,21.202517414804400,42.20303680638850,25.488804579191000,37119.24236773590,12006.6398427435,23946.195665531600,14440.067232891700,1782.2338281886800,576.2090757953180,1141.8728888884400,693.21262799285,Queso de cabra,2022,1224.4535906377400,395.81587300082100,767.6338449688820,476.19908568731600
1.7811926156448200,0.429799816814155,1.7639026220398600,1.114546433353200,5.141597698942920,1.2194694376174200,4.95548566178825,3.1309666211518200,15.093532882663800,3.581678346917990,14.710996454078000,8.925361692044260,18338.64540158560,4170.0317315022200,16131.67546009420,9754.445413244460,499.27591250782200,115.1066972987620,457.4549497608220,285.4868289900710,Granola,2022,164.65613954291800,38.53546154773400,162.16509642369100,90.28855182457080
8.278876373015870,12.671418777595700,116.82045504499800,203.72444870823900,1.5365324888888900,2.3498448339283200,21.63915608306160,37.78550728291990,4.925588680952380,7.53517304289554,69.4020669652906,121.14195361685900,3122.2244565079400,4768.026429666840,43677.46640035100,76561.14789274170,46.548261604761900,70.98891654878950,649.669287766498,1140.725281699740,Uvas,2022,26.04113161904760,39.821529610057100,365.5671377239230,639.3484845328530
4.898891066666670,3.349294527655880,9.09084294947899,5.604170922428310,3.738225866666670,2.5560875117067500,6.936962297452180,4.277272114914510,21.3072113,14.566919406800700,39.53925525043010,24.37370760756860,17220.136400000000,11773.498481690100,31954.76814482170,19700.51645728600,1172.09625,801.5191455328780,2175.0419392329600,1341.3045216619700,Risotto de eglefino,2022,141.44145566666700,96.7084610519973,262.47628167964600,161.8208480463630
16.172452393333300,5.282518810262880,7.035951016239540,7.14184129823119,19.101110773333300,6.247765318929020,8.302601264652720,8.456865261983830,54.05539590666670,17.640107625214200,23.532474586105600,23.830071105944300,31598.034326333300,10294.403768435700,13766.5221537733,13889.482876318200,1534.2174020666700,500.8115093428870,667.6339985482230,676.8141354472280,queso halloumi,2022,1062.1295420666700,348.35737334786300,460.78382113194900,472.68139706393200
3.661809453757830,1.9419912297337500,16.984422863851300,10.156266899679300,5.287275175574110,2.5840622764939800,20.8483251553585,11.366739477523700,12.550810098329900,6.7198302926901800,66.77379686282870,40.72172703730190,7961.440015457200,4415.67176522348,47409.528184709000,34997.480120735100,463.3415495217120,257.1539059415250,3052.99140715556,2036.1971253502900,Helado,2022,418.6183031121090,197.53581460429200,1565.0106630987000,715.1677252784080
1.3143929375000000,1.0706999052824300,23.56016653412360,20.909494599328900,1.9413439875000000,1.3516635476656200,29.53276682015510,25.654887978672000,8.102486425000000,6.995741634580940,118.53188940178500,148.7542895304180,20251.384305833300,9238.561913329650,118488.04767987000,182121.07943526400,653.0928727916670,446.32594438793100,6880.685597152520,9475.914858867130,Paletas de hielo,2022,77.55139590416670,59.78773870165400,2263.66296268887,1097.4220197342900
28.783641316666700,302.6357414987590,370.5497375054230,879.856448613849,18.368179943137300,192.12277143114600,235.15071981817400,558.462195124642,109.19572430588200,1147.278644800820,1404.7241780535800,3334.276065526650,582.531205822549,4430.106657352400,5944.981236619150,13212.378467796100,43.081001200000000,313.75968775737500,434.90034516385200,939.8734581083220,Café instantáneo,2022,3834.515462629410,40393.20746063910,49452.59373433910,117426.31117789800
0.9034191734693880,2.6418026274817400,3.153993046120680,14.83247386574960,0.8103920489795920,2.3699110486980500,2.8282444174788300,13.287118574130600,6.329730410204080,18.50927860074270,22.10004741742320,103.9568774437350,4714.708586122450,13786.077276292500,16464.983795161600,77501.43016199780,133.3457062857140,389.91043391029300,465.67800653520400,2191.9711448022000,col rizada,2022,3.4222050918367300,10.007089048135000,11.948798285537200,56.21007312194040
1.6137066606060600,2.795142279196840,13.80525202771030,32.54210664313540,1.0652690893939400,1.8962666519707000,9.639250748490560,21.736200124623600,13.202448943939400,23.68256909214300,121.3389258507210,270.2965397303150,13204.745031212100,23704.807206660900,121622.5771027000,270490.8695720470,726.6945575606060,1306.5681378358000,6708.732127905620,14891.90131512840,kiwis,2022,33.858203025757600,60.57080270938320,309.4875539158500,692.3690616228660
30.74094725519040,15.182483192768000,16.62852859645680,23.442815005599500,43.422118258673700,21.444984725794200,23.48803092954270,33.11252388121520,23.40692831449600,11.558788960113500,12.657158181339000,17.8637477186011,1019.9472640617200,502.14675472829600,548.4945949794870,788.287928879368,88.01058658013700,43.37236466467440,47.2994721446951,68.15820342491130,Pierna de cordero),2022,555.2700657321610,274.2285374392490,300.3488795288390,423.46555943282300
11.22625366261190,7.164108985213680,14.457106459768500,13.36726325204820,15.960923737882200,10.201666641109200,20.613193598266400,19.046509530403200,10.639524732741000,7.147407870579210,14.793585732203000,13.77967312641520,2636.497491266930,1999.4316911750800,4419.814511468780,3921.3364191468200,94.12394148205960,69.34108528332360,151.45286707748300,137.0621527508960,Estofado De Cordero,2022,203.0269689513540,129.51495360060400,261.4845331761430,241.26270141352900
26.92828869900680,10.81535071554520,15.773419726622600,14.478753485119900,38.0973729462661,15.302500019773800,22.316933613684000,20.493201802602200,21.02919381755110,8.453370535562920,12.307295075032900,11.368825711958600,2310.035002766530,950.6742842472290,1340.1336252969200,1425.4450695533600,106.4520233986760,43.29112860047990,62.240093898032000,61.43770857087750,hamburguesas de cordero,2022,486.8048263426310,195.5275055011630,285.1595054903080,261.8124962763500
30.877310000000000,11.95055183229380,18.292245260663500,14.301672070403000,43.66,16.89788045001150,25.864928909952600,20.22232515053270,23.504350000000000,9.096969682895750,13.92437796208530,10.886683649837900,995.2800000000000,385.2066526405740,589.6208530805690,460.99119962945800,86.27000000000000,33.38937577696970,51.10781990521330,39.95831403427510,Cazuela De Cordero,2022,558.23,216.05368308772200,330.70497630331800,258.5595182955070
30.901992941176500,11.828167677291200,17.188501010854000,14.53544545235250,43.66,16.711249458434600,24.28465120799920,20.53613194415180,23.504929411764700,8.99672241394298,13.073961277598600,11.055899447131000,995.2800000000000,380.9521841729460,553.5966022514310,468.14478702188300,86.27000000000000,33.02060217084650,47.98526934755140,40.578380733439700,chuletas de cordero,2022,558.23,213.66744812601800,310.49979028496100,262.57180337113800
10.192564702241100,7.817066965338550,13.64426969531650,13.075890614008900,16.24347882138020,12.458993106025200,21.74506733965630,20.83863302762800,13.049658097931300,10.003834944552700,17.46625536182010,16.740720150525900,3309.17987385743,2533.2844032963100,4427.04346571413,4244.725291787280,151.81605653753900,116.1303074725580,203.04726594912300,194.73229665346300,Curry de Cordero,2022,213.73784512427900,163.93636045462700,286.1275628323540,274.20219952414200
7.25916164,5.772825612032360,14.279828129161500,9.283217739666910,9.82535584,7.813575044643310,19.327914807361000,12.564939249291800,12.5042918,9.943957430709390,24.597736476722300,15.990790399137400,8521.204514,6776.17636280375,16762.224372736900,10896.822026783300,286.8188972,228.09460491372000,564.2146215717250,366.79424791931300,Musaka de cordero,2022,217.6048232,173.05598159703900,428.06649901596100,278.2873069725370
1.96138175,0.7251143747503260,3.045457286635200,16.63517337316860,3.551825222413790,1.3541093244843800,4.639506421627460,27.213349206924700,12.750267596551700,4.635801577265460,19.292393433187900,105.97837061300500,21190.656471024100,7907.976590869350,33544.90810025480,182152.811438576,834.8795131862070,300.3090327429960,1338.5495687428100,7162.052011436390,Hojas de lasaña,2022,40.996500853448300,15.28253104809570,50.81589847773190,299.96128843318300
0.47015286000000000,1.1016914512596700,4.813572468116640,18.59927490145480,0.6113751457142860,1.4809500749051700,6.255151292099350,24.007350993169400,1.6169002885714300,3.8199690945263600,16.55161583363910,63.87058806856950,9155.021509142860,20826.584304194500,93788.02792673930,364630.4955379160,123.26191180000000,288.44874442007400,1262.0326332693100,4879.305156655620,limones,2022,16.44033714,38.1062138126611,168.35906019973600,652.1486516191640
2.536520218918920,1.963402321607240,2.038744689946510,20.297439588195100,27.474860575675700,20.53519063733600,20.900057027737200,218.49203088360400,27.72644895945950,21.97192919073920,22.08635627677710,220.92260953667900,746.9618568648650,759.5562092269290,1354.5234992119900,7673.764975463700,14.314525478378400,15.857079585857500,29.507986533391200,162.16340369793300,Lentejas,2022,472.2841691621620,333.1092821338460,348.6480997725800,3742.867364110470
4.926023126493000,25.324299069071700,39.949626433416600,64.42395283551110,6.781334481008400,34.68156014388530,54.33093586604410,87.01894851579370,5.119083671540620,26.979679602441000,43.65242671022850,80.82207783083200,23105.835613994400,130338.06226421600,224704.0375721860,534406.4302231240,294.9870220729470,1672.0128546612300,2909.537594796510,6672.8697301113,Lechuga,2022,92.30087430378150,474.65738846660700,747.8814565311420,1242.5635622797800
0.4630078571428570,1.4209943690364900,5.020168519220830,18.86154858697770,0.6261871428571430,1.9984802998947200,6.82054427012483,25.44210532062090,1.6172164285714300,4.9697562826079200,17.53730072662070,65.8749221932661,8802.706197857140,26083.544971717900,95065.26206552780,359408.99044861600,121.70077142857100,373.23343543184000,1319.4316806989900,4957.961196969000,Limas,2022,16.221449285714300,49.17095466962670,175.63243193658100,661.3481462185420
16.849313125000000,5.245218565840560,9.361865738125730,7.742616436028770,20.686935125000000,6.597463499689410,12.132912445988200,10.102667916767700,57.791389250000000,18.256969373883200,33.19037559865740,27.564367673103800,36337.255525,12125.6353202977,23485.961476883500,19784.673286567800,1668.2072232500000,531.0754696720300,974.5115555027300,811.2202841532080,Macarrones con queso,2022,1109.70117025,343.42678093432000,608.3381645323700,502.33562024855300
13.606384472000000,6.25030121581932,7.133691285048530,11.290380895038900,5.801549458,2.6170009630372700,3.0549481203333600,4.667267294861520,63.7540337,29.300058337545200,33.419111260542800,52.850943059427900,39541.631164000000,18146.045370456800,20727.67043987840,32717.904981858700,3961.7235294,1807.2188511103700,2071.1175090006000,3247.0655193588100,Caballa,2022,132.60407374,59.39996781235250,70.79479224898400,105.43682719152500
1.5489212745945900,0.7631642318181510,50.15882069417510,75.68263556964230,1.73009918,0.7576715553019700,54.982652702123800,83.31498416314350,13.646863607567600,5.582646854456000,464.9081480271680,674.5926453337610,13067.233767351400,5914.371933012910,395769.92675855900,627231.6538320640,917.8675170248650,369.13433831111800,30785.65611413830,44429.91693593650,Mermelada,2022,54.20589412864870,23.20189601727740,1810.3205413063200,2691.384289591080
7.400659903436840,2.3680933973528900,4.607044533775700,4.369108704242540,8.356963704511630,2.657870496239580,5.448153164763040,5.125696856491180,33.68068273737220,10.480136848478900,22.017192708966200,20.012804212410000,29485.73139845550,9130.11645891585,18846.023986986900,17319.39243688840,883.3655337994490,277.3414092926490,566.119482761834,529.8767945200750,pizza de carne,2022,240.11180619006400,78.22419061841620,153.23036726132100,150.09501246404400
1.0183294723880600,0.5448594295359520,1.5503934214144300,1.2268413370919300,3.7972161358209000,2.0523671630118800,4.9447322388486600,4.589026578859460,9.036999479850750,4.912258509139990,14.467637384672100,10.753433307836700,9440.000487179100,4903.466129443100,14459.137557338100,11803.178387580900,211.81026189179100,111.09749800269100,371.2782834294850,261.17296144531200,hamburguesa sin carne,2022,53.622858840298500,28.947837226377000,82.70222896676310,61.917050862095100
0.8770376238095240,0.7545434991816130,0.6667476097149700,13.748115107591700,5.802559076190480,4.743768775985210,3.5289637586075300,105.71857695320800,9.005541723809520,7.395579169516910,6.122436928395510,154.3097828472760,7431.131521552380,6644.1475715140700,6006.541073387340,31773.719242388400,107.63291060000000,97.25590288369120,119.26849161265700,580.4620263422850,Picada sin carne,2022,55.520379771428600,45.0737257947894,37.550613470337200,875.8404432005140
0.8618467304347830,0.5434009727977310,0.7878700518931310,2.0039188346062900,1.9581447956521700,1.1220457702232800,1.7380778220961500,3.830406247186270,4.044626573913040,2.373373312527200,3.616786106060740,8.250103215585390,18010.28020217390,11789.298138421800,16578.998000608500,46375.916051321700,251.34492595652200,162.50807980380400,230.9130026738480,624.7303299361520,pepitas sin carne,2022,28.55171800869570,17.237413131771300,25.755615282996100,61.32360630271020
0.9625576706896550,0.6986149176480700,1.1512909480286500,1.9167068333387000,3.720544686206900,2.508641336525140,3.5800815820716500,7.047265467790660,7.423425129310350,4.996341364979320,7.933917242094170,13.58933670362710,10216.00446948280,7828.033281778650,13679.706583803100,21217.446780736000,173.4083564948280,131.19465677229400,234.7073571593710,351.1384990944640,Salchichas sin carne,2022,46.31943778448280,30.570112998432400,50.29111702577360,81.62280584001410
1.0565359743589700,2.5724132276623100,14.771406897052200,31.12462425731080,0.987464335897436,2.33220835157136,13.47292422894890,26.558708472875800,11.07363856923080,24.868012136851800,145.1372035092470,250.1594188871970,11885.66284205130,27030.273735401200,157280.74280586900,282750.53508175000,619.1902868205130,1388.8973737265200,8104.1030536784500,13913.521906748200,Melón,2022,31.00369706153850,71.81641050747250,416.5352500939980,782.178022740066
10.800274824937000,2.2109990918014800,15.107684159343000,4.808329106772760,17.273873918891700,3.5640596423067100,22.83401228155020,8.021104093209740,26.79452401234260,5.520428222158860,38.932272104585700,12.404200758389200,8151.760939193960,1694.3128509061900,13645.562678266500,3584.86211719096,551.84745321335,112.37766432467400,965.9742640053360,259.11077181827400,Chocolate con leche,2022,2196.0068588108300,439.2200322584280,3060.3602507492900,936.1418729296220
0.9209,3.5269042626475700,5.493118448895290,29.39458693602910,1.1609733333333300,3.989306181566130,6.7100402988977700,30.8743477293987,2.4391416666666700,8.186546477361190,14.005762858732600,62.230334548525400,28975.097833333300,92398.7517451576,164094.43185328200,673619.0714327120,343.0868683333330,1193.9203253492300,1989.9944577297500,9327.006270206430,Ensalada mixta,2022,22.225721666666700,73.20628735503480,126.96763816664300,548.2389473910510
16.233199963265300,6.764519896917330,8.797818811047760,9.417881783730710,19.061285536734700,7.936335216784960,10.34143457246020,11.016421397233500,55.03168965510210,22.89996676106160,29.81944417431480,31.83785235128730,31345.40732755100,12995.0128301846,16930.572433170400,18051.2541373696,1507.3516586734700,625.5654673358670,814.9631158077030,868.4724509071920,Queso mozzarella,2022,1041.6602370408200,433.7331245045590,565.8816288481500,599.3496820467640
2.271910570798900,0.7112110895284030,2.3523594994033500,3.3216924095369800,3.953067796418730,1.1579615070306800,3.7553099360123700,5.176218837994220,10.505155971900800,3.07342990854349,10.233165942901700,13.013132932078400,13749.667275096400,3894.9396202580800,13293.134842153000,17936.74076857550,343.1821637628100,99.59251918366660,345.6531306540580,437.519188312899,Muesli,2022,80.95656631404960,25.891210844734700,80.55278480447320,101.4372229687610
2.5836309558468300,1.220356249876970,7.732066242547150,10.00416880417620,3.0761592881997400,1.0219946537642300,7.049428204831250,6.084001021608760,9.15721534180717,3.0823142881989100,22.042626031416300,18.381593078235300,7872.7081626807100,2722.528770069490,19242.62894432180,18304.248420816100,412.9297207973430,130.56090554350000,1020.8222859009400,747.4115850529820,Magdalenas,2022,240.75731864755300,68.56127544856710,547.9490035781030,292.4516589743590
2.3529166740331500,7.880979359147520,8.303933089185320,32.11434363588350,2.8723417099447500,12.976246023078000,13.761348246103800,39.968013747731500,13.401495345303900,45.91840773482680,46.01545328809240,169.03017915837200,87304.04857182320,389086.0138211630,407961.62309141300,1181752.826548940,1459.0838797513800,6402.3811539821500,6553.659183399800,18806.711217890300,Hongos,2022,70.15158597734810,317.38725380591100,330.71883529097300,943.3187999030600
1.0132342196078400,0.36949720889414200,1.288043717998670,1.6353354511608400,2.2928056901960800,0.83389750067454,2.8984099377726700,3.6298642387542700,5.372518245098040,1.9544365263521500,6.791513092283170,8.526551475863220,8656.553853921570,3153.4937103416000,10960.241810916200,13796.946817075500,282.89760349019600,103.07594448649900,357.27913728445400,451.2836830007270,naan,2022,39.71955272352940,14.405520684863400,50.02980478900900,62.24534114757260
0.7161309571428570,0.4955294787743370,2.2466445796136000,0.8200282948106050,2.004030042857140,1.3858924577576700,6.2893545483766400,2.291662177873890,5.724987371428570,3.962905025848110,17.951936427810000,6.561802153620390,48441.68058571430,33568.72021366470,151703.22656884000,55676.06594349520,885.1011361428570,613.4534485531490,2771.448996801590,1017.6666881749800,pan de nueces,2022,51.33877727142860,35.55678968238280,160.8647715828960,58.9280372870886
0.4532805909090910,1.051134976955090,6.718169178030300,4.0987376976173300,0.52687415,1.2217088576726200,7.813359306818180,4.767600181838990,1.4349203068181800,3.327380756399850,21.22532218181820,12.960068359601200,811.5056176818180,1879.4399875666800,12115.759375909100,7349.413523483890,14.491945377272700,33.57493750705400,216.37505593939400,131.4048967911890,Leche de avena,2022,19.63500069772730,45.521055720426000,292.0527201401520,177.91474521558500
5.184628231372550,0.5919589721824360,,0.5232917314092730,21.707958043137300,2.4783182319439200,,2.190833317038420,34.26383608039220,3.9119441370388800,,3.4581586171423700,109146.2891882350,12472.338464837200,,11025.547202916000,1411.242442745100,161.25459471823900,,142.54906173092400,Aceite de oliva,2022,914.0960456470590,104.35948151919300,,92.2537816629663
0.36286034777070100,1.0140354489550100,3.19286452626535,12.702158251083000,0.3953572643312100,1.0891426887884800,3.2256292924373300,13.38825459968370,1.5376792522293000,4.244208345218330,15.159512305785800,54.39428866803380,315.76151570063700,720.8190044920900,2665.889585519280,9137.726630757000,53.86059318025480,151.41972973675400,387.90136496409600,1839.6668582534800,Cebollas,2022,1.8041175248407600,4.180160506507330,17.417793928344500,54.12858286864510
0.4888484060085840,1.1987125194300800,9.27981728337232,22.95158038722410,0.7052967030042920,1.7068712931472900,12.984564524062700,31.978453231720700,2.1838116137339100,5.397723494884780,42.731784006855500,123.29839650317900,6888.851487107300,17199.59617947540,120000.91352916600,325885.16257358300,142.6926414695280,356.5177759722580,2749.6407998257300,8520.91773160342,zumo de naranja,2022,19.399417819313300,45.67361253655430,390.59046785876000,983.7381612355720
0.4665495395348840,1.076517295447460,4.971438553683470,21.60995030078800,0.6664983744186050,1.4867874000933700,6.94525865797292,31.58467129340630,1.5969830255814000,3.562758209010890,16.652822682878000,75.5625649671526,7715.904773720930,16980.456946716000,79752.15063988890,367667.91826584600,115.53649513953500,255.6253964839120,1198.702578727560,5489.831567990510,naranjas,2022,15.30332324883720,34.100804167139000,159.35364106095700,723.3853712721010
2.8095122264048000,0.7344787948323870,3.9675708942971500,1.4576039338457300,4.828993310673250,1.276534302061420,6.628470112014100,2.5476715830623300,9.584183133761820,2.4902699001044000,13.400791269330500,4.932603895216060,7522.756968240790,1991.5728600461900,10576.762589064300,4010.912167769150,307.2127896754600,80.65527777367800,427.88335309823500,161.8630088637460,Pain au chocolat,2022,374.3190984102770,94.27305503735970,507.85526269037100,182.64019127618100
1.5478088875481400,0.6148320798229630,2.767286054712540,2.1688492195156900,2.441447486533520,0.9759692864959500,4.298289007827090,3.4666308236169500,7.8266204628133300,3.1545156643820700,13.92454943974290,11.696003072151800,8778.749784460420,3450.6851829379700,15390.075377428700,12671.303980862300,340.55935759070100,134.4037358257050,605.3745640744770,519.2936460312620,Panqueques,2022,63.15031433528340,25.401454375202500,112.70668276308800,87.10175992729450
24.016479826923100,6.369094703736150,8.438339331651610,8.307382007140260,28.24949643076920,7.495260171233890,9.939259229323360,9.773974572752810,80.51443177692310,21.35456694797890,28.29048334535360,27.853411006955700,46478.717165000000,12318.256740008600,16289.337235653100,16071.374674577900,2253.2114089615400,597.4380326442840,790.9497199355870,779.3106278839310,queso parmesano,2022,1557.486856423080,413.4863779340760,549.0431110671340,539.0062074828050
0.9896065120000000,1.51144240128053,5.535159746251990,12.563470323845500,1.8093500440000000,2.7738898524328700,10.046602272674100,22.47332560275720,6.199973040000000,9.418264376831540,34.629450140350900,79.9262032023901,1110.5161798,3029.873056231430,3144.1054476767700,22030.172573166700,12.653977848,34.21129223741600,36.78784558787880,248.10687094000000,chirivías,2022,4.462127484,6.702014957838860,27.160199590058500,46.44843022232180
1.0255827666666700,0.28693915869739100,0.8439458909703520,6.052061240503190,3.5033247666666700,0.9801623541970050,2.884287358835600,20.653158554750000,6.0387688666666700,1.6895391812086500,4.968022838673590,35.653091756584200,12889.329933333300,3606.2318359206300,10591.784158824300,76271.84187321060,333.5653423333330,93.32629473569450,274.1249018078810,1973.5938267100500,Caracoles de pasta,2022,37.218272866666700,10.41291395821360,30.65760308671460,219.18758885765600
3.434960202255640,0.5780498557411250,1.5569822534644900,0.7032246843019240,8.694059591729320,1.4584909415831100,3.6309979499348700,1.7587927455392800,14.59059597443610,2.462874893391200,6.727363082572630,3.083749523364230,97613.03119255640,16307.884951771900,39064.9647152849,19500.745879092700,2618.9188445639100,438.9951648092790,1063.8416173503200,531.4401681883060,Mantequilla de maní,2022,106.47586612255600,17.859684183325700,52.963450614243000,21.672042573574600
3.1462268521739100,0.5691906909205460,2.5230111429113400,12.193901519057200,8.310863473913040,1.4542216042738900,4.567801835671580,13.263243713293600,16.732099910869600,3.1238759007383500,17.27215802401440,98.60925050464650,74295.36079086960,12925.982110894500,38849.05587504030,104917.46349429800,2169.6548552608700,389.0636400694010,1602.9241886869700,7214.509820483990,Miseria,2022,108.02082273913000,19.429032960005500,79.96581917157540,353.37611814259000
0.9255553739583330,1.661147239277210,18.620108091162900,45.491804514707200,1.0134629541666700,1.8190214140461300,20.41201218874890,49.75755324905640,13.826378133333300,24.837728596394800,277.4702207243210,681.3317780369330,14139.939864895800,25411.513512193300,284005.272039761,696682.5718201710,783.3454527291670,1406.3930708038300,15701.352650171200,38522.3603507161,Peras,2022,34.330081498958300,61.65085283571860,689.5572903786050,1689.303579649920
2.5159416210526300,0.4217104413962380,3.066344480738420,0.5883722549593300,11.730031494736800,1.8359715727738100,11.802518985081300,1.9910048670298300,19.340349163157900,3.2110355757372300,21.037851166482700,4.062280061969190,132414.07337368400,22488.88826104070,115149.41327447800,24976.041837961000,3046.9752990526300,506.6522231263900,2828.0332692570100,569.543642931245,Nueces de pecán,2022,253.49797197894700,40.54734661412650,254.21569806110000,45.49755268331620
1.6251067503703700,0.6112010740973430,2.206148590613900,10.17266051666120,3.7357361029629600,1.5232207976191100,4.121784285519280,28.3395959108674,11.136437193333300,4.275668662467070,14.859632114086000,71.86531965785280,16664.938564404400,6185.897027156500,23487.01628520330,100824.46192307000,614.1643332614820,228.52613831394500,927.5165601441180,3484.638175832180,Pasta penne,2022,43.41923308814820,18.173359740066500,47.61745882033630,333.46601107472200
0.9186621428571430,2.7222885361590700,5.934465301817270,19.807687226888800,1.2399450000000000,3.675391345946550,8.015157847620580,26.752427550740200,2.674729285714290,7.925275590868240,17.27240005956210,57.65081262231650,32159.961357142900,95310.72885322470,207922.9513671760,693990.0764249390,362.9267492857140,1075.5012001073800,2345.6491802781000,7829.146505321800,Pimientos,2022,24.043695714285700,71.30008001233310,155.59727467629200,519.3394033569150
0.9320080325,1.9394608789621300,19.381985390218000,34.5793261626624,1.01530539,2.112082531717340,21.10603948614220,37.68037141216140,14.002615030000000,29.12609377943520,291.10142970194600,520.162197235411,14274.44631,29680.15481206180,296635.9952343130,530586.2893716210,793.0396442,1649.7223982739000,16486.343320362000,29437.74196140960,Piña,2022,34.6412501775,72.05412338260630,720.103014008243,1286.4409134530900
0.5635607857142860,0.2542043261736350,0.745269643204216,6.044425681930640,1.8040658357142900,0.8056564815329490,2.3282433354968600,19.38176139552170,4.0814917714285700,1.8374159366984800,5.2694508040486,46.41835058634080,4853.897026114290,2189.2857415110500,6833.539230516250,43859.45857371340,134.3955014857140,60.98793066990410,190.30027262834600,1215.5291432153000,pan de pita,2022,18.802954757142900,8.553349840024370,25.50997009744940,179.0626302996970
1.8136259060000000,0.41921085193321000,2.562831553856590,1.948709349242210,3.1817772333333300,0.7343156922793000,4.345517434247400,3.5264324663546700,8.917384885333330,1.9997632579925700,12.88914492112340,8.688272323053090,8631.517364733330,2029.122750500650,12201.085186512400,10606.982713673100,316.845053608,72.82340644626910,509.52348474648400,347.5583996370050,Palomitas,2022,128.10155782933300,30.004819410965500,185.79605521428900,129.37435083111600
1.5006180200000000,0.31265171119484600,2.369058244378310,0.606630903306233,4.95539256,1.032432033412910,7.824324301256610,2.0035360454417300,22.66945672,4.72294288215991,35.80247123941800,9.167814343371270,7616.897846,1587.0488101464300,12019.769457010600,3077.800050326290,293.5786351333330,61.16503491006040,463.58947035383600,118.70933002905100,poppadoms,2022,133.49397264,27.812969202423000,210.77080591402100,53.970978442233100
12.163890844686100,4.5881049591116000,7.407893196484370,5.900806782087320,17.308312471421100,6.422917874096160,10.650061742136900,8.198400871341060,76.00038775211400,28.843033751314300,46.226573417738,37.21812084397230,57088.76903928170,21681.848484919500,34593.76271201380,27985.43576319180,1642.005709044880,619.3176481015260,1014.346814734510,798.2837569424460,chuletas de cerdo,2022,286.73597226297900,110.21448751718300,172.88597603226100,143.70674196869900
11.976514490174400,4.804565021768180,6.7808333372996600,7.415404717450050,16.46357889728120,6.60189118670139,9.403660838627090,10.304038502801100,75.59216611122160,30.37542497422400,42.722858523680500,46.894257420530800,57525.90422817710,23138.946602582400,32344.005156928800,35602.117376391000,1611.1902953818800,645.2673847971450,908.900711273032,990.3831526463610,lomo de cerdo,2022,294.3676870711610,119.54695268164600,166.09558713904900,187.6058979331630
6.186894384955060,1.581802682817080,5.639145972530660,2.243602336831860,7.92593466423641,2.0281725619619100,7.241583938521990,2.879976222067760,34.124387508704500,8.76273647333625,31.106623167354100,12.46624226026630,28143.643626256000,7225.828833431420,25698.377104652300,10282.345177038500,783.4298074990560,200.72047716208800,716.3545659673720,285.36169410966300,Rollitos de salchicha de cerdo,2022,198.81559153940100,50.405057417232400,181.2844682673260,71.08143870251750
9.767878020218920,3.6608996091717200,6.913241103547520,5.448152974119960,13.559548049646200,5.112491734752960,9.581817684054640,7.713947217091470,60.90160707071430,22.768390212103400,42.86036208703210,33.571204311950700,45559.16489329040,17067.21660653890,32169.02171497480,25533.989055961700,1292.2172244383900,485.13619502443700,912.4748555787000,727.0528971097670,Salchichas de cerdo,2022,238.41781084288800,89.11281788006940,169.41743143354600,131.90882572560500
1.555169024137930,0.44273563749202500,1.3605644653056600,2.416015723054640,4.985335013218390,1.414826350437800,4.357804943779570,7.554351119539600,10.481901432471300,2.9699255022280700,9.23986117620648,16.064294537302300,8600.315522241380,2432.2949114627800,7683.064181359400,12920.328045031900,232.56529702586200,65.33769129696940,211.99168983286500,360.6300126528870,Gachas de avena (avena),2022,94.47030789482760,26.78133262297720,82.52480136002160,143.22053496332600
0.7742251222222220,0.362325630954369,2.233950036960040,0.7225768471011050,1.4070545888888900,0.6578628057156890,4.088769166782170,1.3130395343339400,4.630590455555560,2.175174349035910,13.620919276738300,4.387173073604380,2664.9379100000000,1240.2180898738700,7290.52267904828,2408.2104873202200,71.9184978,33.49692650933650,195.4682244285050,65.01714380103540,Croquetas de patata,2022,18.597729966666700,8.68269325251034,52.89333906283210,17.17801410799850
0.20727616209386300,0.2321241284551920,1.1575983572354800,7.6512733700907500,0.804448725631769,0.9521860230008240,4.672537959301030,36.574748765180600,1.440415094223830,1.6015430108381500,7.923948892135010,52.540405011138600,7340.237185732850,9014.092837483300,43653.94808049900,372692.6985414410,80.8085800624549,98.68406956372220,479.55407812979400,3983.7739197836500,Papas,2022,5.214464823104690,5.854165323485960,29.702606315906400,181.83457938624200
4.93285324,1.469756274067710,16.86797184363900,2.035469365947540,5.467811935,1.6153815875754600,19.979099162920100,2.2612155438322900,53.65846023500000,16.012137548284200,180.90660903381300,22.126461980920300,25995.93342,7720.459085981490,91534.77360358890,10744.230176860300,815.87152485,242.62366956334000,2837.363384233230,336.9938788694020,Galletas saladas de gambas,2022,165.58511045,49.30658429321620,568.6940828300380,68.3270292632118
20.91128278264460,26.329289691999400,13.121884610306000,348.4896518401540,1.0171648834710700,1.0656573060983000,0.686571772896955,12.96081060700340,154.76684614710700,195.77243211792600,98.07257827417400,2563.046992043340,112126.91242396700,142258.49444632500,71583.9101035531,1843315.0254971300,3197.153872785120,4056.1360732060700,2042.8128633439800,52598.78916205690,Langostinos,2022,21.888702336363600,21.73714445981470,14.616188754155000,250.56661676434200
3.3728507866666700,1.8967594106800400,7.929393919322730,16.315066321213100,11.128268446666700,3.0953558533117800,10.004095959169900,14.376104182204000,12.169021724444400,3.9476751775620900,17.657805986435900,22.75733502070660,67106.94949622220,16257.297241000000,75761.3369129994,44187.45730314710,1423.9165438488900,346.4416283878540,1657.6984590344400,1019.3615119673300,Barra de proteina,2022,446.11120399111100,134.13896329103300,447.4893498250990,610.8081382179310
1.7437289185185200,2.9464055354880400,8.048589608513590,21.87270207160460,5.642653148148150,3.364558128660940,7.826691634309820,18.34048559823480,7.090676822222220,10.279058378403000,20.346219300295800,46.102531934280400,6877.318103333330,10061.269812685500,19457.89553378950,44357.15751842100,322.9014169259260,465.0957227692370,847.0520646361410,1816.7937990590300,Batido de proteinas,2022,131.85244854444400,112.86055172795100,261.0258526948610,654.155997642495
1.3239754169230800,0.3177728569148960,0.559059658083375,0.4552417885009310,3.336552010769230,0.8165643179057610,1.3951854292071800,1.1901460202335000,5.709214653846150,1.3973297966357500,2.3881039217349700,2.04006808173528,7409.417526923080,1811.7001272064,3105.328268745480,2637.590084710210,212.60543383076900,52.07794271286850,88.97820240364390,76.06066085334040,Semillas de calabaza,2022,100.4919578476920,24.559320513089300,41.979285785401900,35.797254174928100
4.666832655555560,1.8671281730226900,4.77923998609366,2.85358289350444,5.589517788888890,2.2458953040244700,5.766239589337170,3.43502024877246,18.21115841111110,7.191890645403510,18.620768456343900,10.964698233980100,12242.389093333300,4949.249457140390,12718.264151985400,7544.956848662280,455.8618671111110,183.18863125078900,468.6816576344120,279.843623669977,Quiche,2022,248.24916353333300,100.8710165451950,256.7083538430650,154.75802829525200
1.1386422326087000,0.4096006210790420,1.2812730772476100,2.8545917153194200,3.2318744239130400,1.1554588229104000,3.6010879061540200,8.146428130775680,5.669842854347830,2.0585636099586500,6.425828895706700,14.13353094338000,7388.279832173910,2751.0390501386400,8586.393834439000,18821.29267235440,210.35475422173900,77.86859840507360,244.26988594124700,528.7653924452290,Quinua,2022,96.11611085652170,33.570231147820900,104.9774234652150,234.89411624156
3.288695422222220,1.1084640092654200,13.263623205522300,9.63710935428297,7.214231961111110,1.0744186501383100,4.210359264293550,2.8833523769826200,15.363705222222200,2.368763150889510,10.658044589286700,7.7563089568675200,3755.4483977777800,953.220976863308,8586.181477993320,4730.920781913160,88.67183560555550,21.872989441717400,185.00670724651300,87.94218501499880,aceite de colza,2022,103.14173763888900,17.734552719390500,95.60193313821170,52.878396056074400
8.3709720025,24.614977907373100,60.83917065116150,186.98609302900300,1.5448360025000000,4.542864209053640,11.227628077735600,34.50904599693540,4.9609239975,14.590973583369900,36.054768817524400,110.83238658920700,3090.6986240000000,9111.996846772410,22458.4702768469,69168.24583198920,45.713304,134.69262396994900,332.18886478332800,1022.6061617069900,frambuesas,2022,26.0336760025,76.72818209577650,189.17737592693800,582.487342257504
5.107337593055560,3.067139099394900,81.98781031073470,168.2774099286300,1.9588101097222200,0.9908464399598170,33.31058525527740,65.74366127662120,14.228613005555600,6.5101445399020200,248.91189163716500,471.2336964058790,11008.5771725,5004.988650134940,192382.333402594,369580.4852580200,786.81067525,334.3111065730290,14020.68883376740,26383.14635989620,Mermelada de frambuesa,2022,54.78522076944440,25.80160303975820,949.8210874192070,1861.7047587248600
3.925909801226990,2.047880252851580,9.117488609822280,48.276323521971800,2.9366605355828200,1.6400121506480900,7.345336825202560,32.9260435741039,26.451045927198400,13.76480899306550,62.08243814686100,320.40235731074300,43467.188884766900,22782.530630809500,100271.20707300800,544510.4934621180,2114.437865009410,1081.4246582622700,4821.089625838990,26642.39597760680,Arroz,2022,42.37499937423310,23.66931770752830,109.66906047672600,440.46358247081100
1.4417970766666700,2.3415307353391700,113.58140105509600,16.421106961949300,0.5183953633333330,0.695843049507883,32.42012311019280,6.699361391944820,5.668575343333330,7.882317016361090,369.99399203431000,71.82696571192700,9387.363546666670,12477.673466720800,579957.5226155770,121945.67020219000,474.15133273333300,626.6717013030710,29095.691305564700,6179.024879619050,Leche de arroz,2022,5.23050381,6.150732408003240,277.07352172126200,72.3128390023587
3.411126114285710,1.4360200583480200,9.72127495125514,64.99689771117110,2.4880236619047600,1.004569966348500,6.390458296290790,44.65610959666560,22.400583966666700,9.529666688673400,64.7198061442797,430.5320460989960,38578.81926190480,15977.245787853500,107820.44719168800,726463.3090486610,1869.5568466190500,780.1869755667120,5318.148577274560,35603.52221432400,Fideos de arroz,2022,31.385324614285700,12.75905651046840,81.80008633352700,567.9456111366740
16.294973589473700,5.201454772073050,8.801846588677060,6.620458568654320,18.968722342105300,6.017694517134640,10.139899248373300,7.649685521633670,55.20656814210530,17.577704687666900,29.69837434695670,22.36336139839430,33023.84304736840,10412.687840636200,17656.557695983500,13366.376053568700,1549.2425105263200,488.89034773315000,825.0958138281640,624.3006824045570,Queso ricotta,2022,1025.0649548947400,322.303122887392,539.9680780525100,409.1992175953800
10.412581473563200,5.953092734495830,4.8321654450539800,13.16493867347420,4.7479583689655200,2.707115117355570,2.214772399636710,5.940112517956390,57.763191109195400,33.180217111495100,26.792520883972600,72.59103695936060,13113.2553045977,7266.066106612610,6110.937880775100,17616.40018167790,1360.675370678160,757.1832836099290,630.7933063231350,1853.0860574235700,Salmón,2022,103.6109713770120,58.94269157163150,48.67126622709440,129.21133513415400
6.505734658333330,4.2603763919010500,5.108375056604150,9.979379753879670,3.360536633333330,2.1112910436010200,2.7598332061834700,4.888973302845860,35.13801746666670,22.541048540187400,28.35621254265290,52.49329009968300,12596.077405000000,8910.711594914930,8860.457530898740,21297.677572020900,1074.9294263333300,795.703413542192,708.7519763211960,1922.388982111840,Croquetas de salmón,2022,76.49048045833330,47.90868462109870,62.8201945727204,110.85968438981700
5.849549300000000,1.5521194888368500,5.5985325915386700,2.217681047294020,7.8397986428571400,2.0812322867784900,7.562765225865570,2.9728548046060600,33.48887201428570,8.906437846685420,32.318908438667100,12.721003583211300,27457.923514285700,7308.348269045940,26694.09965779860,10430.763373243100,779.4442135714290,207.02350910907100,754.3742708785360,295.7031156171100,Rollos de salchicha,2022,178.271733,47.090519915859300,168.60023395283100,67.33268014648890
7.737124814285710,5.535570319355740,15.49815434827870,8.889205001630090,11.04638827142860,7.903258320429900,22.126914730442600,12.691351310584500,8.490628,6.074313867773580,17.007415812713400,9.754133895465050,2672.6386914285700,1912.2427454704800,5353.504762390650,3070.903817902210,74.28052877142860,53.131375962738100,148.7868627143280,85.31498385129370,pastel de carne,2022,146.229889,104.61974363296600,292.9110872528280,168.0016393891590
2.223782583333330,0.4295585004535640,4.023549409048100,0.7424830195931130,3.0729300000000000,0.5948009112762410,5.582912382930630,1.0328745817002500,11.522117616666700,2.2217885126255200,20.76202819043070,3.8183513222135900,9510.628866666670,1851.9372303391600,17392.69618153660,3239.871901895420,514.0502986666670,99.63099011912310,933.05613149064,172.75293458537400,galletas de mantequilla,2022,108.74544746666700,21.11881645009450,200.26767264209300,37.26657114461450
0.851167273619632,0.3447473452459470,1.2429045467966600,4.52364681270683,2.371923044785280,0.9694744759799270,3.6816140298487000,13.151977545178300,5.415048952760740,2.1732334201681600,7.782016535540200,27.811441325747800,8694.92046395092,3585.2728003463800,13792.630804476700,48354.04926973270,248.65015546625800,100.02099987874000,359.36217233499000,1340.6803341957800,Pan de masa fermentada,2022,36.03072702453990,16.39913970656210,80.6849251300156,168.85783260539400
1.0872644037037000,1.292242002449500,3.5628392222222200,5.494769868397510,1.9790152555555600,2.356372030225930,6.460835631944450,10.072057623386200,6.153635044444440,7.343002340209970,19.92965725462960,31.74557189691220,2670.49205,3194.765731311580,8605.121825617280,13920.494155597000,289.26426044444400,345.79000019677000,931.6326003009260,1507.0692584060800,Desierto de soja,2022,156.0862405962960,184.8052614166210,517.661832804784,772.003625500937
0.8931078380434780,2.320072569596530,3.676490248619650,6.030485329541530,0.8736948463768120,1.9519415073422400,3.653078411399600,4.891940008251720,2.75337799057971,6.056867132991150,12.800416223026400,17.38228461326620,685.6844249615940,2055.8688973991100,3685.975899148520,4983.884507275680,50.476136625724600,119.87833838843200,235.1682883456640,351.20750633596600,Leche de soja,2022,38.29720475905800,94.84332632872350,205.014794297576,335.09207981585100
0.4960198166666670,0.7944170689501550,11.65939405410750,31.16689710116060,1.0238125444444400,1.5673927582238100,8.738902368051660,23.570114710716400,3.602947613888890,5.707726563958110,52.78029043415000,141.85640965068400,3004.15248625,4342.281208202580,34974.4315685244,98537.15247917150,196.36602355555600,312.4061201956300,3220.266648882310,8647.977068100050,yogur de soja,2022,19.007077991666700,29.360715273024000,234.5656018695310,627.1391833270860
1.6460149465648900,0.7668989946019610,1.9871462652364100,11.587034346542500,3.8149462610687000,1.4519729359464900,3.7998609986020000,24.845106897993700,11.099124530534400,4.873650644476800,12.938554003995400,76.02223559314280,13985.7050805687,5735.620544461570,18625.767787116300,101651.19230046300,500.9899480885500,196.9505953014040,700.2719947882110,3546.6367109859000,Espaguetis,2022,40.47192561374050,15.221558977031300,39.983611608490300,259.105004099764
7.83470288,4.614566326611550,12.927427274548700,9.76058330981331,15.159678880000000,8.921030733769930,24.886996084519700,19.656015075026600,96.66471189,57.67327397189360,160.03132949794800,118.28446258793000,20838.93658,11943.687320627400,33770.6949408581,29275.17610662100,844.7613338000000,490.5615029619570,1380.1773486984900,1129.6492712986500,Spaghetti a la boloñesa,2022,303.1126838,178.84435027592600,501.0576884127490,376.9769129453990
1.0091279447881100,3.774241391732390,4.083186363899170,13.39116932754230,0.9922938889942160,3.355186732409360,3.774242390069410,11.81838206198830,2.5686207456015200,6.660618036300910,9.228397574893870,23.353069597695700,11379.193479894000,44369.58773445830,47337.75915961520,157629.49420964300,269.9605126595280,950.6533713090780,1098.8770477445400,3366.8729626819200,Espinaca,2022,16.655393401764200,47.225370157498400,56.810686545839000,164.23860316837000
1.8774483782608700,0.48579965009457600,5.396654176401700,1.0641394089898700,2.395599504347830,0.6232399582924860,6.93183431540056,1.3733287690701400,9.037613947826090,2.3389070624617000,26.130076081408600,5.278933654002260,9002.760913043480,2352.5738639707500,26490.832734412000,5281.567432018650,487.8855319565220,125.80622028075600,1406.8244797129200,289.2280839471470,bizcocho,2022,87.80619552608700,22.45740434020510,236.71450399714300,47.13239912838300
7.10186367,3.380397944970590,10.84177218823680,5.998883698368620,14.103153670000000,6.712400263890730,21.46076372852910,11.942608000730500,91.04132639,43.27203462743550,134.98834738430700,76.66648213512520,17743.36035,8465.169563567070,29161.778819439500,15321.27811337490,727.7406384,346.5897216371850,1145.0797239137600,620.7420563000010,Pastel de carne,2022,281.13337903,133.83977434742200,424.31451445067900,236.66856628757500
3.241715,5.180194958001880,24.40202374906850,64.04604105290150,3.4472300000000000,5.508603768398150,25.949038804614600,68.10636780185600,3.8288125,6.118364880205250,28.82140273149560,75.64523178591040,12006.428495,19186.0297260583,90378.4426689213,237209.07368152200,349.2011275,558.0163339479480,2628.6130046769900,6899.110423829520,fresas,2022,75.101395,120.01050916502800,565.3260772085670,1483.7661630649700
2.5966625545454500,1.985822126712110,46.13098102084810,135.56965482678700,2.968536572727270,1.5208677737474200,61.33341469217810,192.82744433956100,13.649316547272700,6.318259917943890,283.7133905470530,849.3132256557750,15682.252042454500,7334.324809404240,330884.768751907,1015853.3514791700,949.7015981818180,415.74431557275300,20183.207956864400,61580.81052553650,Mermelada de fresa,2022,80.79864532454550,39.17183483356860,1692.5491942592400,5293.263999408640
1.8516856681818200,0.4649769212047690,159.7330435096420,239.24452426318700,2.153669372727270,0.539468560767948,198.8930807084550,293.6407945058690,17.230218131818200,4.329213416897920,1583.020377025840,2375.6465542470000,11123.746327272700,2786.4508385283000,1090050.352106810,1609149.2445681500,1202.3900472727300,302.08063519845800,114836.05168129600,172117.37980589100,Azúcar,2022,73.75056324090910,18.488875816703100,6031.645261049470,8954.415096205870
3.6613972142857100,0.4245406921212550,,0.3752939718351890,19.461267114285700,2.2570527704286600,,1.995234649058940,88.05763412142860,10.214262669974900,,9.029408200257840,1279.4895827857100,148.53489142523600,,131.30484401990900,23.193771392857100,2.689366169311190,,2.3773996936710900,Aceite de girasol,2022,623.5043686428570,72.32696882745920,,63.93704044347390
1.9344241125,0.32407742240026400,0.911359448553114,0.379434762605549,10.97975300625,1.8390147241495900,5.170353685684840,2.1532499673069800,49.43456511875,8.282634847527890,23.29427344316170,9.696641034217000,812.8472519375,135.33197004597300,380.5862211196860,159.92967128256700,14.26395734375,2.3824043948677700,6.682358107537010,2.8066874216272900,Semillas de girasol,2022,357.7331150625,59.92653414268850,168.17676714465300,70.11519745410010
0.9712034777777780,1.2893299815595600,2.40097567625678,6.795925173348490,2.082797161904760,2.752130483385000,5.138556214483820,14.521168991852200,4.068735271428570,5.394090197465220,10.045218539430400,28.44248306773250,7993.130957301590,10685.372547461400,19800.294407113400,56392.66755146790,157.23502601587300,208.98261275144600,388.7750307340150,1103.0727774966100,Maíz dulce,2022,10.938746633333300,14.462830931431000,26.953743026308900,76.46808670641390
17.621043520156800,1510.9629978516500,4257.812459241630,14838.527213328900,23.65968258174690,2023.699473557810,5790.334290273830,19871.209907567900,66.70887755240760,5851.853151872510,16591.342060643100,57476.37021594490,2563.3420540940600,49968.355772507900,250821.7115716620,576684.8728572190,62.435396881746900,1624.4880206474300,6359.465017164040,17381.986594279500,Té,2022,2573.8137422305700,216268.24051697900,601399.594099519,2123697.232975450
1.0208654566666700,0.5425097650945470,0.6146941826357600,0.8469480176938360,3.0348171733333300,2.1298532582871900,2.161063252549300,3.681934503279240,5.546511616666670,3.5636096416765600,3.735631916335850,6.055815538174760,1032.4459432366700,472.54278130526800,476.9217542571610,997.2983738894540,31.183341956666700,14.292015101389000,14.229670750345400,30.228037336895700,tofu,2022,31.931617753333300,20.350567240729400,21.352408381734400,34.863733790171000
2.609794211941470,2.37888922388229,16.75410651825200,108.46860276584000,1.667763272560230,1.352345231820400,8.800690833964500,54.86900725124780,10.314095481922100,8.862538770002080,60.59022234461930,389.0554489005340,9008.075734236280,7985.7232514543500,55554.018985189700,361418.36361355800,494.9507034273990,464.84608876063700,3393.1760866320300,22445.06701302100,Salsa de tomate,2022,26.750757830513000,21.069816425651300,136.4037998840480,871.8987221891120
2.271515456192980,11.728078966099200,28.672931477107800,100.32942981121300,0.8890183432280700,4.59135204963094,11.229249658494500,39.172078942373600,6.023792182842100,31.101297805674400,76.03423171749110,266.12319294686600,4959.105277929040,25583.600519609300,62542.066717757700,218981.55570932400,291.66502367098200,1505.6961809218300,3680.7782437664400,12889.65966494250,Tomates,2022,5.9295936780526300,30.626582385354500,74.89760184728930,261.4706666324700
0.9485836666666670,0.393647572438285,1.2604508709664500,1.6583477999695200,2.2561128055555600,0.9792290052923320,2.9794433012002800,4.106023939031600,5.00320215,2.124035012791980,6.6189194534142100,9.129647528346670,8711.003174444450,3648.956959475360,11466.413928557100,15621.267627193000,231.8360277777780,98.88137842310470,308.72614637628200,423.5342445829330,Envolturas de tortilla,2022,40.10366478888890,16.155724407419700,52.84335397847390,68.3346897558126
13.075354910344800,9.969608076991580,4.972585726854680,105.11363223609600,5.521839813793100,4.194251005822720,2.1671080284019800,44.058028905015800,61.55072598965520,46.884637285645400,23.42506274017150,492.8476816293920,38556.18244137930,29350.90941626320,14961.74997707320,308293.4990531360,3771.402305517240,2878.04145623316,1433.4455642557600,30475.465797383000,Atún,2022,121.05973260344800,92.00106212105030,47.359935550184400,960.1692540173560
1.9481036491476900,1.1761882005003800,3.8011890881383600,3.19755560291185,2.0462173942129000,1.2699055577276800,4.094788790908350,3.6474153270028100,9.80242409989759,5.923387217159890,19.131763405123300,16.04053089075450,10612.184940256900,6462.250008039560,20877.315111290500,17948.043625846400,293.8913807509130,179.75286660377200,580.679489045067,505.2176014460520,pizza vegana,2022,54.187524004405500,33.405497854933700,107.74602509093800,94.45872329161130
3.3761406500000000,2.679670932386440,7.518774745747060,4.711538665129950,4.149298441666670,3.312006556474600,9.243875094749330,5.829421921076110,11.851330391666700,9.44721346794942,26.53631947215330,16.668599344534900,11075.302178333300,8836.892469389540,25652.575365642400,15649.103255519300,382.99411375,304.57562370161600,867.2360163392870,537.642842661631,Lasaña de vegetales,2022,187.72874500833300,147.714135207209,408.00775630893800,256.8337154889560
1.4292908166666700,1.0559605494155400,2.6502166672223500,4.426812726445370,3.4693256,2.5628326785060800,6.433700274663020,10.73781474380890,6.719541133333330,4.963710985761220,12.461868335315900,20.79228359156490,5549.590148333330,4099.408320734010,10292.63593168630,17168.463243082600,152.48299683333300,112.63419412082300,282.819083743446,471.63461493221600,Chile con carne vegetariano,2022,165.98371983333300,122.6599222869950,307.66627707638800,514.9501951225760
1.3091650341463400,1.3337696510024200,4.65726594328478,3.362612832442120,2.275063980487810,2.292283373588190,7.545032782875750,6.004388858694780,7.350095031707320,7.390412551718450,24.927767276809400,20.283812812594200,13161.39969902440,13735.8014485609,51474.00792502680,37437.47197817480,374.79712731707300,375.37567243233500,1274.4440641849100,1125.6641049081000,curry vegetariano,2022,43.36592469268290,44.009613061940800,152.354757951849,100.63010032732700
5.232975720133190,1.8916348058491700,3.773106005144710,3.9194683067632300,6.520732042668090,2.381732503887130,4.769522184685300,4.998370743419850,20.053620596838300,7.520708908477010,15.259355590779300,16.169051479347200,14237.87038094410,5440.2529592198,11389.414304523900,12249.088674829100,579.2531132803680,215.28213829382200,444.06572619477900,466.7403809627000,Pizza vegetariana,2022,307.7756231667770,108.18094014135400,210.15069128246200,214.38992937118400
2.4163077789473700,0.40958023592855800,1.7255081185670100,0.4924563290884680,11.875851828947400,1.924057074048140,7.828816188305410,2.0923204023515400,18.742979681578900,3.04781676580356,12.350294251758300,3.3328940332561600,160556.43612526300,26311.929414925500,103323.51368121000,28606.84318900860,3458.072291255260,563.9028450983710,2236.2561406004100,612.1172095486590,nueces,2022,260.9751143210530,42.379568941013300,171.37241598832200,46.08916873644610
0.96940275,2.4640874080441000,16.335798717612400,22.110016719702400,1.0098785000000000,2.6167709902281400,17.23233367625370,22.87431074239360,13.1226165,34.74647366117090,227.41616435029800,294.6830624766610,13528.7474105,35695.620909027700,233327.95886416300,304187.0312338710,743.3134685,1971.2602764364900,12903.761529370800,16688.28530645830,Sandía,2022,33.58731275,87.81930400030440,576.6438452306670,757.9832293904140
1.7228808271791300,14.623111188688100,249.88903547514300,332.39040198695000,4.333115946277150,15.575566885365100,252.02449698261000,271.1970302647180,4.642553932935240,36.80411820818640,645.6532119334670,624.5172530740060,1925.6693236056400,10997.467365858100,177750.39778125100,228692.3722792750,93.53537938491970,688.7747275268030,12616.807046593300,7647.301257760140,Vino,2022,87.03381754736710,372.04589551521100,6062.1079868313200,5642.790159608830
3.1118107311672700,3.9866624753644900,8.365670482227820,33.62035615522440,3.2097209967509000,4.120987197815020,8.586252660346490,34.33354059151910,9.961395655054150,12.64963317999760,27.76340324675490,104.63804652661500,6595.917073498620,8260.594267928990,19312.441311443300,67305.92412856440,311.7499471739470,388.01509083269600,925.5760559119180,3137.980451907350,Yogur,2022,152.69602295108300,193.28090041116700,402.30074590491300,1608.093205869490
3.1118107311672700,3.9866624753644900,8.365670482227820,33.62035615522440,3.2097209967509000,4.120987197815020,8.586252660346490,34.33354059151910,9.961395655054150,12.64963317999760,27.76340324675490,104.63804652661500,6595.917073498620,8260.594267928990,19312.441311443300,67305.92412856440,311.7499471739470,388.01509083269600,925.5760559119180,3137.980451907350,Caca,2022,152.69602295108300,193.28090041116700,402.30074590491300,1608.093205869490